row.id,lm,description,l_or_r,full_model,full_model_Birds,occipitals_merged,vault_merged,jugal_jj_together,pterygoids_together,rostrum_together,bird_model,premax_max_as_bones,occipitals_merged_and_pterygoids_merged,face_braincase,posthoc
1,1,premax_vent_ant_midline,m,1,4,1,1,1,1,1,1,1,1,1,1
2,2,premax_vent_max_contact_post_midline,m,1,4,1,1,1,1,1,1,1,1,1,1
3,3,premax_vent_max_contact_lateral,r,1,4,1,1,1,1,1,1,1,1,1,1
4,4,max_vent_post_midline,m,2,4,2,2,2,2,2,1,2,2,1,2
5,5,max_vent_post_lateral,r,2,4,2,2,2,2,2,1,2,2,1,2
6,6,max_dorsal_premax_contact_lat,r,3,1,3,3,3,3,4,4,2,3,1,3
7,7,premax_dorsal_ant_midline,m,4,1,4,4,4,4,4,4,1,4,1,1
8,8,premax_dorsal_naris_contact_midline,m,4,1,4,4,4,4,4,4,1,4,1,1
9,9,premax_dorsal_max_contact_lateral,r,4,1,4,4,4,4,4,4,1,4,1,1
10,10,nasal_anterior_midline,m,5,1,5,5,5,5,4,4,5,5,1,5
11,11,nasal_post_midline,m,5,1,5,5,5,5,4,4,5,5,1,5
12,12,nasal_post_lateral,r,5,1,5,5,5,5,4,4,5,5,1,5
13,13,frontal_post_midline,m,6,2,6,6,6,6,6,6,6,6,6,6
14,14,parietal_post_midline,m,7,2,7,6,7,7,7,6,7,7,6,7
15,15,frontal_lateral_post,r,6,2,6,6,6,6,6,6,6,6,6,6
16,16,frontal_lateral_ant,r,6,2,6,6,6,6,6,6,6,6,6,6
17,17,parietal_lateral_post,r,7,2,7,6,7,7,7,6,7,7,6,7
18,18,parietal_lateral_ant,r,7,2,7,6,7,7,7,6,7,7,6,7
19,19,occ_dorsal_midline,m,8,7,8,8,8,8,8,8,8,8,6,8
20,20,foramen_mag_dorsal_mid,m,8,7,8,8,8,8,8,8,8,8,6,8
21,21,condyle_dorsal_midline,m,9,7,8,9,9,9,9,8,9,8,6,8
22,22,occ_ventro_medial,r,8,7,8,8,8,8,8,8,8,8,6,8
23,23,condyle_ventral_midline,m,9,7,8,9,9,9,9,8,9,8,6,8
24,24,occ_lateral,r,8,7,8,8,8,8,8,8,8,8,6,8
25,25,basiocc_ventral_midline,m,10,7,8,10,10,10,10,8,10,8,6,8
26,26,basiocc_lateral,r,10,7,8,10,10,10,10,8,10,8,6,8
29,29,pteryg_post_occ_contact,r,11,5,11,11,11,11,11,11,11,11,1,11
30,30,pteryg_post_midline,m,11,5,11,11,11,11,11,11,11,11,1,11
31,31,pteryg_ant_midline,m,11,5,11,11,11,11,11,11,11,11,1,11
32,32,pteryg_post_lateral,r,11,5,11,11,11,11,11,11,11,11,1,11
33,33,pteryg_ant_lateral,r,11,5,11,11,11,11,11,11,11,11,1,11
34,34,palatine_ant_midline,m,12,4,12,12,12,12,12,1,12,12,1,12
35,35,palatine_post_lateral,r,12,4,12,12,12,12,12,1,12,12,1,12
36,36,palatine_ant_lateral,r,12,4,12,12,12,12,12,1,12,12,1,12
37,37,jawjoint_medial,r,13,8,13,13,13,13,13,11,12,13,1,13
38,38,jawjoint_lateral,r,13,8,13,13,13,13,13,11,12,13,1,13
39,39,jawjoint_post,r,13,8,13,13,13,13,13,11,12,13,1,13
40,40,jugal_ant_orbital,r,14,1,14,14,13,14,14,14,11,14,1,14
41,41,jugal_anteriormost,r,14,1,14,14,13,14,14,14,11,14,1,14
42,42,jugal_posteriormost,r,14,1,14,14,13,14,14,14,11,14,1,14
43,43,jugal_dorsal_QJ,r,14,1,14,14,13,14,14,14,11,14,1,14
44,44,jugal_postorb_contact,r,14,1,14,14,13,14,14,14,11,14,1,14
45,45,squamosal_post_lat,r,15,2,15,6,15,15,15,6,15,15,6,15
46,46,squamosal_ant_lat,r,15,2,15,6,15,15,15,6,15,15,6,15
47,47,squamosal_post_medial,r,15,2,15,6,15,15,15,6,15,15,6,15
48,48,lacrimal_post_lateral,r,16,2,16,16,16,16,4,4,16,16,1,16
49,49,lacrimal_antmost,r,16,2,16,16,16,16,4,4,16,16,1,16
50,50,lacrimal_medial,r,16,2,16,16,16,16,4,4,16,16,1,16
51,51,lacrimal_post_orbital,r,16,2,16,16,16,16,4,4,16,16,1,16
52,52,squamosal_ant_medial,r,15,2,15,6,15,15,15,6,15,15,6,15
53,53,ecto_ant_medial,r,17,5,17,17,17,11,17,16,17,11,1,11
54,54,ecto_post_medial,r,17,5,17,17,17,11,17,16,17,11,1,11
55,55,ecto_ant_lateral,r,17,5,17,17,17,11,17,16,17,11,1,11
56,56,ecto_post_lateral,r,17,5,17,17,17,11,17,16,17,11,1,11
57,57,ptery_joint_dorsal,r,18,5,18,18,18,11,18,11,18,11,1,11
58,58,ptery_joint_ventral,r,18,5,18,18,18,11,18,11,18,11,1,11
59,59,premax_vent_max_contact_lateral,l,1,4,1,1,1,1,1,1,1,1,1,1
60,60,max_vent_post_lateral,l,2,4,2,2,2,2,2,1,2,2,1,2
61,61,max_dorsal_premax_contact_lat,l,3,1,3,3,3,3,4,4,2,3,1,3
62,62,premax_dorsal_max_contact_lateral,l,4,1,4,4,4,4,4,4,1,4,1,1
63,63,nasal_post_lateral,l,5,1,5,5,5,5,4,4,5,5,1,5
64,64,frontal_lateral_post,l,6,2,6,6,6,6,6,6,6,6,6,6
65,65,frontal_lateral_ant,l,6,2,6,6,6,6,6,6,6,6,6,6
66,66,parietal_lateral_post,l,7,2,7,6,7,7,7,6,7,7,6,7
67,67,parietal_lateral_ant,l,7,2,7,6,7,7,7,6,7,7,6,7
68,68,occ_ventro_medial,l,8,7,8,8,8,8,8,8,8,8,6,8
69,69,occ_lateral,l,8,7,8,8,8,8,8,8,8,8,6,8
70,70,basiocc_lateral,l,10,7,8,10,10,10,10,8,10,8,6,8
71,71,pteryg_post_occ_contact,l,11,5,11,11,11,11,11,11,11,11,1,11
72,72,pteryg_post_lateral,l,11,5,11,11,11,11,11,11,11,11,1,11
73,73,pteryg_ant_lateral,l,11,5,11,11,11,11,11,11,11,11,1,11
74,74,palatine_post_lateral,l,12,4,12,12,12,12,12,1,12,12,1,12
75,75,palatine_ant_lateral,l,12,4,12,12,12,12,12,1,12,12,1,12
76,76,jawjoint_medial,l,13,8,13,13,13,13,13,11,12,13,1,13
77,77,jawjoint_lateral,l,13,8,13,13,13,13,13,11,12,13,1,13
78,78,jawjoint_post,l,13,8,13,13,13,13,13,11,12,13,1,13
79,79,jugal_ant_orbital,l,14,1,14,14,13,14,14,14,11,14,1,14
80,80,jugal_anteriormost,l,14,1,14,14,13,14,14,14,11,14,1,14
81,81,jugal_posteriormost,l,14,1,14,14,13,14,14,14,11,14,1,14
82,82,jugal_dorsal_QJ,l,14,1,14,14,13,14,14,14,11,14,1,14
83,83,jugal_postorb_contact,l,14,1,14,14,13,14,14,14,11,14,1,14
84,84,squamosal_post_lat,l,15,2,15,6,15,15,15,6,15,15,6,15
85,85,squamosal_ant_lat,l,15,2,15,6,15,15,15,6,15,15,6,15
86,86,squamosal_post_medial,l,15,2,15,6,15,15,15,6,15,15,6,15
87,87,lacrimal_post_lateral,l,16,2,16,16,16,16,4,4,16,16,1,16
88,88,lacrimal_antmost,l,16,2,16,16,16,16,4,4,16,16,1,16
89,89,lacrimal_medial,l,16,2,16,16,16,16,4,4,16,16,1,16
90,90,lacrimal_post_orbital,l,16,2,16,16,16,16,4,4,16,16,1,16
91,91,squamosal_ant_medial,l,15,2,15,6,15,15,15,6,15,15,6,15
92,92,ecto_ant_medial,l,17,5,17,17,17,11,17,16,17,11,1,11
93,93,ecto_post_medial,l,17,5,17,17,17,11,17,16,17,11,1,11
94,94,ecto_ant_lateral,l,17,5,17,17,17,11,17,16,17,11,1,11
95,95,ecto_post_lateral,l,17,5,17,17,17,11,17,16,17,11,1,11
96,96,ptery_joint_dorsal,l,18,5,18,18,18,11,18,11,18,11,1,11
97,97,ptery_joint_ventral,l,18,5,18,18,18,11,18,11,18,11,1,11
98,98,frontal_ant_midline,m,6,2,6,6,6,6,6,6,6,6,6,6
99,99,palatine_post_medial_R,r,12,4,12,12,12,12,12,1,12,12,1,12
100,100,palatine_post_medial_L,l,12,4,12,12,12,12,12,1,12,12,1,12
101,101,postorb_vent_R,r,20,2,20,20,20,20,20,10,20,20,6,20
102,102,postorb_vent_L,l,20,2,20,20,20,20,20,10,20,20,6,20
103,1,C1. premax_vent_mid,r,1,4,1,1,1,1,1,1,1,1,1,1
104,2,C1. premax_vent_mid,r,1,4,1,1,1,1,1,1,1,1,1,1
105,3,C1. premax_vent_mid,r,1,4,1,1,1,1,1,1,1,1,1,1
106,4,C1. premax_vent_mid,r,1,4,1,1,1,1,1,1,1,1,1,1
107,5,C1. premax_vent_mid,r,1,4,1,1,1,1,1,1,1,1,1,1
108,6,C1. premax_vent_mid,r,1,4,1,1,1,1,1,1,1,1,1,1
109,7,C1. premax_vent_mid,r,1,4,1,1,1,1,1,1,1,1,1,1
110,8,C1. premax_vent_mid,r,1,4,1,1,1,1,1,1,1,1,1,1
111,9,C1. premax_vent_mid,r,1,4,1,1,1,1,1,1,1,1,1,1
112,10,C1. premax_vent_mid,r,1,4,1,1,1,1,1,1,1,1,1,1
113,1,C2.premax_vent_max_suture,r,1,4,1,1,1,1,1,1,1,1,1,1
114,2,C2.premax_vent_max_suture,r,1,4,1,1,1,1,1,1,1,1,1,1
115,3,C2.premax_vent_max_suture,r,1,4,1,1,1,1,1,1,1,1,1,1
116,4,C2.premax_vent_max_suture,r,1,4,1,1,1,1,1,1,1,1,1,1
117,5,C2.premax_vent_max_suture,r,1,4,1,1,1,1,1,1,1,1,1,1
118,6,C2.premax_vent_max_suture,r,1,4,1,1,1,1,1,1,1,1,1,1
119,7,C2.premax_vent_max_suture,r,1,4,1,1,1,1,1,1,1,1,1,1
120,8,C2.premax_vent_max_suture,r,1,4,1,1,1,1,1,1,1,1,1,1
121,9,C2.premax_vent_max_suture,r,1,4,1,1,1,1,1,1,1,1,1,1
122,10,C2.premax_vent_max_suture,r,1,4,1,1,1,1,1,1,1,1,1,1
123,1,C3.premax_vent_lateral,r,1,4,1,1,1,1,1,1,1,1,1,1
124,2,C3.premax_vent_lateral,r,1,4,1,1,1,1,1,1,1,1,1,1
125,3,C3.premax_vent_lateral,r,1,4,1,1,1,1,1,1,1,1,1,1
126,4,C3.premax_vent_lateral,r,1,4,1,1,1,1,1,1,1,1,1,1
127,5,C3.premax_vent_lateral,r,1,4,1,1,1,1,1,1,1,1,1,1
128,6,C3.premax_vent_lateral,r,1,4,1,1,1,1,1,1,1,1,1,1
129,7,C3.premax_vent_lateral,r,1,4,1,1,1,1,1,1,1,1,1,1
130,8,C3.premax_vent_lateral,r,1,4,1,1,1,1,1,1,1,1,1,1
131,9,C3.premax_vent_lateral,r,1,4,1,1,1,1,1,1,1,1,1,1
132,10,C3.premax_vent_lateral,r,1,4,1,1,1,1,1,1,1,1,1,1
133,1,C4.max_vent_midline,r,2,4,2,2,2,2,2,1,2,2,1,2
134,2,C4.max_vent_midline,r,2,4,2,2,2,2,2,1,2,2,1,2
135,3,C4.max_vent_midline,r,2,4,2,2,2,2,2,1,2,2,1,2
136,4,C4.max_vent_midline,r,2,4,2,2,2,2,2,1,2,2,1,2
137,5,C4.max_vent_midline,r,2,4,2,2,2,2,2,1,2,2,1,2
138,6,C4.max_vent_midline,r,2,4,2,2,2,2,2,1,2,2,1,2
139,7,C4.max_vent_midline,r,2,4,2,2,2,2,2,1,2,2,1,2
140,8,C4.max_vent_midline,r,2,4,2,2,2,2,2,1,2,2,1,2
141,9,C4.max_vent_midline,r,2,4,2,2,2,2,2,1,2,2,1,2
142,10,C4.max_vent_midline,r,2,4,2,2,2,2,2,1,2,2,1,2
143,1,C5.max_vent_posterior,r,2,4,2,2,2,2,2,1,2,2,1,2
144,2,C5.max_vent_posterior,r,2,4,2,2,2,2,2,1,2,2,1,2
145,3,C5.max_vent_posterior,r,2,4,2,2,2,2,2,1,2,2,1,2
146,4,C5.max_vent_posterior,r,2,4,2,2,2,2,2,1,2,2,1,2
147,5,C5.max_vent_posterior,r,2,4,2,2,2,2,2,1,2,2,1,2
148,6,C5.max_vent_posterior,r,2,4,2,2,2,2,2,1,2,2,1,2
149,7,C5.max_vent_posterior,r,2,4,2,2,2,2,2,1,2,2,1,2
150,8,C5.max_vent_posterior,r,2,4,2,2,2,2,2,1,2,2,1,2
151,9,C5.max_vent_posterior,r,2,4,2,2,2,2,2,1,2,2,1,2
152,10,C5.max_vent_posterior,r,2,4,2,2,2,2,2,1,2,2,1,2
153,11,C5.max_vent_posterior,r,2,4,2,2,2,2,2,1,2,2,1,2
154,12,C5.max_vent_posterior,r,2,4,2,2,2,2,2,1,2,2,1,2
155,13,C5.max_vent_posterior,r,2,4,2,2,2,2,2,1,2,2,1,2
156,14,C5.max_vent_posterior,r,2,4,2,2,2,2,2,1,2,2,1,2
157,15,C5.max_vent_posterior,r,2,4,2,2,2,2,2,1,2,2,1,2
158,16,C5.max_vent_posterior,r,2,4,2,2,2,2,2,1,2,2,1,2
159,17,C5.max_vent_posterior,r,2,4,2,2,2,2,2,1,2,2,1,2
160,18,C5.max_vent_posterior,r,2,4,2,2,2,2,2,1,2,2,1,2
161,19,C5.max_vent_posterior,r,2,4,2,2,2,2,2,1,2,2,1,2
162,20,C5.max_vent_posterior,r,2,4,2,2,2,2,2,1,2,2,1,2
163,1,C6.max_vent_lateral,r,2,4,2,2,2,2,2,1,2,2,1,2
164,2,C6.max_vent_lateral,r,2,4,2,2,2,2,2,1,2,2,1,2
165,3,C6.max_vent_lateral,r,2,4,2,2,2,2,2,1,2,2,1,2
166,4,C6.max_vent_lateral,r,2,4,2,2,2,2,2,1,2,2,1,2
167,5,C6.max_vent_lateral,r,2,4,2,2,2,2,2,1,2,2,1,2
168,6,C6.max_vent_lateral,r,2,4,2,2,2,2,2,1,2,2,1,2
169,7,C6.max_vent_lateral,r,2,4,2,2,2,2,2,1,2,2,1,2
170,8,C6.max_vent_lateral,r,2,4,2,2,2,2,2,1,2,2,1,2
171,9,C6.max_vent_lateral,r,2,4,2,2,2,2,2,1,2,2,1,2
172,10,C6.max_vent_lateral,r,2,4,2,2,2,2,2,1,2,2,1,2
173,11,C6.max_vent_lateral,r,2,4,2,2,2,2,2,1,2,2,1,2
174,12,C6.max_vent_lateral,r,2,4,2,2,2,2,2,1,2,2,1,2
175,13,C6.max_vent_lateral,r,2,4,2,2,2,2,2,1,2,2,1,2
176,14,C6.max_vent_lateral,r,2,4,2,2,2,2,2,1,2,2,1,2
177,15,C6.max_vent_lateral,r,2,4,2,2,2,2,2,1,2,2,1,2
178,16,C6.max_vent_lateral,r,2,4,2,2,2,2,2,1,2,2,1,2
179,17,C6.max_vent_lateral,r,2,4,2,2,2,2,2,1,2,2,1,2
180,18,C6.max_vent_lateral,r,2,4,2,2,2,2,2,1,2,2,1,2
181,19,C6.max_vent_lateral,r,2,4,2,2,2,2,2,1,2,2,1,2
182,20,C6.max_vent_lateral,r,2,4,2,2,2,2,2,1,2,2,1,2
183,1,C7.max_d_lateral,r,3,1,3,3,3,3,4,4,2,3,1,3
184,2,C7.max_d_lateral,r,3,1,3,3,3,3,4,4,2,3,1,3
185,3,C7.max_d_lateral,r,3,1,3,3,3,3,4,4,2,3,1,3
186,4,C7.max_d_lateral,r,3,1,3,3,3,3,4,4,2,3,1,3
187,5,C7.max_d_lateral,r,3,1,3,3,3,3,4,4,2,3,1,3
188,6,C7.max_d_lateral,r,3,1,3,3,3,3,4,4,2,3,1,3
189,7,C7.max_d_lateral,r,3,1,3,3,3,3,4,4,2,3,1,3
190,8,C7.max_d_lateral,r,3,1,3,3,3,3,4,4,2,3,1,3
191,9,C7.max_d_lateral,r,3,1,3,3,3,3,4,4,2,3,1,3
192,10,C7.max_d_lateral,r,3,1,3,3,3,3,4,4,2,3,1,3
193,11,C7.max_d_lateral,r,3,1,3,3,3,3,4,4,2,3,1,3
194,12,C7.max_d_lateral,r,3,1,3,3,3,3,4,4,2,3,1,3
195,13,C7.max_d_lateral,r,3,1,3,3,3,3,4,4,2,3,1,3
196,14,C7.max_d_lateral,r,3,1,3,3,3,3,4,4,2,3,1,3
197,15,C7.max_d_lateral,r,3,1,3,3,3,3,4,4,2,3,1,3
198,16,C7.max_d_lateral,r,3,1,3,3,3,3,4,4,2,3,1,3
199,17,C7.max_d_lateral,r,3,1,3,3,3,3,4,4,2,3,1,3
200,18,C7.max_d_lateral,r,3,1,3,3,3,3,4,4,2,3,1,3
201,19,C7.max_d_lateral,r,3,1,3,3,3,3,4,4,2,3,1,3
202,20,C7.max_d_lateral,r,3,1,3,3,3,3,4,4,2,3,1,3
203,1,C8.max_d_anterior,r,3,1,3,3,3,3,4,4,2,3,1,3
204,2,C8.max_d_anterior,r,3,1,3,3,3,3,4,4,2,3,1,3
205,3,C8.max_d_anterior,r,3,1,3,3,3,3,4,4,2,3,1,3
206,4,C8.max_d_anterior,r,3,1,3,3,3,3,4,4,2,3,1,3
207,5,C8.max_d_anterior,r,3,1,3,3,3,3,4,4,2,3,1,3
208,6,C8.max_d_anterior,r,3,1,3,3,3,3,4,4,2,3,1,3
209,7,C8.max_d_anterior,r,3,1,3,3,3,3,4,4,2,3,1,3
210,8,C8.max_d_anterior,r,3,1,3,3,3,3,4,4,2,3,1,3
211,9,C8.max_d_anterior,r,3,1,3,3,3,3,4,4,2,3,1,3
212,10,C8.max_d_anterior,r,3,1,3,3,3,3,4,4,2,3,1,3
213,1,C9.max_d_medial,r,3,1,3,3,3,3,4,4,2,3,1,3
214,2,C9.max_d_medial,r,3,1,3,3,3,3,4,4,2,3,1,3
215,3,C9.max_d_medial,r,3,1,3,3,3,3,4,4,2,3,1,3
216,4,C9.max_d_medial,r,3,1,3,3,3,3,4,4,2,3,1,3
217,5,C9.max_d_medial,r,3,1,3,3,3,3,4,4,2,3,1,3
218,6,C9.max_d_medial,r,3,1,3,3,3,3,4,4,2,3,1,3
219,7,C9.max_d_medial,r,3,1,3,3,3,3,4,4,2,3,1,3
220,8,C9.max_d_medial,r,3,1,3,3,3,3,4,4,2,3,1,3
221,9,C9.max_d_medial,r,3,1,3,3,3,3,4,4,2,3,1,3
222,10,C9.max_d_medial,r,3,1,3,3,3,3,4,4,2,3,1,3
223,1,C10.premax_d_ventral,r,4,1,4,4,4,4,4,4,1,4,1,1
224,2,C10.premax_d_ventral,r,4,1,4,4,4,4,4,4,1,4,1,1
225,3,C10.premax_d_ventral,r,4,1,4,4,4,4,4,4,1,4,1,1
226,4,C10.premax_d_ventral,r,4,1,4,4,4,4,4,4,1,4,1,1
227,5,C10.premax_d_ventral,r,4,1,4,4,4,4,4,4,1,4,1,1
228,6,C10.premax_d_ventral,r,4,1,4,4,4,4,4,4,1,4,1,1
229,7,C10.premax_d_ventral,r,4,1,4,4,4,4,4,4,1,4,1,1
230,8,C10.premax_d_ventral,r,4,1,4,4,4,4,4,4,1,4,1,1
231,9,C10.premax_d_ventral,r,4,1,4,4,4,4,4,4,1,4,1,1
232,10,C10.premax_d_ventral,r,4,1,4,4,4,4,4,4,1,4,1,1
233,1,C11.premax_d_midline,r,4,1,4,4,4,4,4,4,1,4,1,1
234,2,C11.premax_d_midline,r,4,1,4,4,4,4,4,4,1,4,1,1
235,3,C11.premax_d_midline,r,4,1,4,4,4,4,4,4,1,4,1,1
236,4,C11.premax_d_midline,r,4,1,4,4,4,4,4,4,1,4,1,1
237,5,C11.premax_d_midline,r,4,1,4,4,4,4,4,4,1,4,1,1
238,6,C11.premax_d_midline,r,4,1,4,4,4,4,4,4,1,4,1,1
239,7,C11.premax_d_midline,r,4,1,4,4,4,4,4,4,1,4,1,1
240,8,C11.premax_d_midline,r,4,1,4,4,4,4,4,4,1,4,1,1
241,9,C11.premax_d_midline,r,4,1,4,4,4,4,4,4,1,4,1,1
242,10,C11.premax_d_midline,r,4,1,4,4,4,4,4,4,1,4,1,1
243,1,C12.premax_d_narial,r,4,6,4,4,4,4,4,4,1,4,1,1
244,2,C12.premax_d_narial,r,4,6,4,4,4,4,4,4,1,4,1,1
245,3,C12.premax_d_narial,r,4,6,4,4,4,4,4,4,1,4,1,1
246,4,C12.premax_d_narial,r,4,6,4,4,4,4,4,4,1,4,1,1
247,5,C12.premax_d_narial,r,4,6,4,4,4,4,4,4,1,4,1,1
248,6,C12.premax_d_narial,r,4,6,4,4,4,4,4,4,1,4,1,1
249,7,C12.premax_d_narial,r,4,6,4,4,4,4,4,4,1,4,1,1
250,8,C12.premax_d_narial,r,4,6,4,4,4,4,4,4,1,4,1,1
251,9,C12.premax_d_narial,r,4,6,4,4,4,4,4,4,1,4,1,1
252,10,C12.premax_d_narial,r,4,6,4,4,4,4,4,4,1,4,1,1
253,1,C13.nasal_midline,m,5,1,5,5,5,5,4,4,5,5,1,5
254,2,C13.nasal_midline,m,5,1,5,5,5,5,4,4,5,5,1,5
255,3,C13.nasal_midline,m,5,1,5,5,5,5,4,4,5,5,1,5
256,4,C13.nasal_midline,m,5,1,5,5,5,5,4,4,5,5,1,5
257,5,C13.nasal_midline,m,5,1,5,5,5,5,4,4,5,5,1,5
258,6,C13.nasal_midline,m,5,1,5,5,5,5,4,4,5,5,1,5
259,7,C13.nasal_midline,m,5,1,5,5,5,5,4,4,5,5,1,5
260,8,C13.nasal_midline,m,5,1,5,5,5,5,4,4,5,5,1,5
261,9,C13.nasal_midline,m,5,1,5,5,5,5,4,4,5,5,1,5
262,10,C13.nasal_midline,m,5,1,5,5,5,5,4,4,5,5,1,5
263,1,C14.nasal_posterior,r,5,1,5,5,5,5,4,4,5,5,1,5
264,2,C14.nasal_posterior,r,5,1,5,5,5,5,4,4,5,5,1,5
265,3,C14.nasal_posterior,r,5,1,5,5,5,5,4,4,5,5,1,5
266,4,C14.nasal_posterior,r,5,1,5,5,5,5,4,4,5,5,1,5
267,5,C14.nasal_posterior,r,5,1,5,5,5,5,4,4,5,5,1,5
268,1,C15.nasal_lateral,r,5,1,5,5,5,5,4,4,5,5,1,5
269,2,C15.nasal_lateral,r,5,1,5,5,5,5,4,4,5,5,1,5
270,3,C15.nasal_lateral,r,5,1,5,5,5,5,4,4,5,5,1,5
271,4,C15.nasal_lateral,r,5,1,5,5,5,5,4,4,5,5,1,5
272,5,C15.nasal_lateral,r,5,1,5,5,5,5,4,4,5,5,1,5
273,6,C15.nasal_lateral,r,5,1,5,5,5,5,4,4,5,5,1,5
274,7,C15.nasal_lateral,r,5,1,5,5,5,5,4,4,5,5,1,5
275,8,C15.nasal_lateral,r,5,1,5,5,5,5,4,4,5,5,1,5
276,9,C15.nasal_lateral,r,5,1,5,5,5,5,4,4,5,5,1,5
277,10,C15.nasal_lateral,r,5,1,5,5,5,5,4,4,5,5,1,5
278,1,C16.frontal_midline,m,6,2,6,6,6,6,6,6,6,6,6,6
279,2,C16.frontal_midline,m,6,2,6,6,6,6,6,6,6,6,6,6
280,3,C16.frontal_midline,m,6,2,6,6,6,6,6,6,6,6,6,6
281,4,C16.frontal_midline,m,6,2,6,6,6,6,6,6,6,6,6,6
282,5,C16.frontal_midline,m,6,2,6,6,6,6,6,6,6,6,6,6
283,6,C16.frontal_midline,m,6,2,6,6,6,6,6,6,6,6,6,6
284,7,C16.frontal_midline,m,6,2,6,6,6,6,6,6,6,6,6,6
285,8,C16.frontal_midline,m,6,2,6,6,6,6,6,6,6,6,6,6
286,9,C16.frontal_midline,m,6,2,6,6,6,6,6,6,6,6,6,6
287,10,C16.frontal_midline,m,6,2,6,6,6,6,6,6,6,6,6,6
288,1,C17.frontal_posterior,r,6,2,6,6,6,6,6,6,6,6,6,6
289,2,C17.frontal_posterior,r,6,2,6,6,6,6,6,6,6,6,6,6
290,3,C17.frontal_posterior,r,6,2,6,6,6,6,6,6,6,6,6,6
291,4,C17.frontal_posterior,r,6,2,6,6,6,6,6,6,6,6,6,6
292,5,C17.frontal_posterior,r,6,2,6,6,6,6,6,6,6,6,6,6
293,6,C17.frontal_posterior,r,6,2,6,6,6,6,6,6,6,6,6,6
294,7,C17.frontal_posterior,r,6,2,6,6,6,6,6,6,6,6,6,6
295,8,C17.frontal_posterior,r,6,2,6,6,6,6,6,6,6,6,6,6
296,9,C17.frontal_posterior,r,6,2,6,6,6,6,6,6,6,6,6,6
297,10,C17.frontal_posterior,r,6,2,6,6,6,6,6,6,6,6,6,6
298,1,C18.frontal_lateral,r,6,2,6,6,6,6,6,6,6,6,6,6
299,2,C18.frontal_lateral,r,6,2,6,6,6,6,6,6,6,6,6,6
300,3,C18.frontal_lateral,r,6,2,6,6,6,6,6,6,6,6,6,6
301,4,C18.frontal_lateral,r,6,2,6,6,6,6,6,6,6,6,6,6
302,5,C18.frontal_lateral,r,6,2,6,6,6,6,6,6,6,6,6,6
303,6,C18.frontal_lateral,r,6,2,6,6,6,6,6,6,6,6,6,6
304,7,C18.frontal_lateral,r,6,2,6,6,6,6,6,6,6,6,6,6
305,8,C18.frontal_lateral,r,6,2,6,6,6,6,6,6,6,6,6,6
306,9,C18.frontal_lateral,r,6,2,6,6,6,6,6,6,6,6,6,6
307,10,C18.frontal_lateral,r,6,2,6,6,6,6,6,6,6,6,6,6
308,1,C19.frontal_anterior,r,6,2,6,6,6,6,6,6,6,6,6,6
309,2,C19.frontal_anterior,r,6,2,6,6,6,6,6,6,6,6,6,6
310,3,C19.frontal_anterior,r,6,2,6,6,6,6,6,6,6,6,6,6
311,4,C19.frontal_anterior,r,6,2,6,6,6,6,6,6,6,6,6,6
312,5,C19.frontal_anterior,r,6,2,6,6,6,6,6,6,6,6,6,6
313,6,C19.frontal_anterior,r,6,2,6,6,6,6,6,6,6,6,6,6
314,7,C19.frontal_anterior,r,6,2,6,6,6,6,6,6,6,6,6,6
315,8,C19.frontal_anterior,r,6,2,6,6,6,6,6,6,6,6,6,6
316,9,C19.frontal_anterior,r,6,2,6,6,6,6,6,6,6,6,6,6
317,10,C19.frontal_anterior,r,6,2,6,6,6,6,6,6,6,6,6,6
318,1,C20.parietal_midline,m,7,2,7,6,7,7,7,6,7,7,6,7
319,2,C20.parietal_midline,m,7,2,7,6,7,7,7,6,7,7,6,7
320,3,C20.parietal_midline,m,7,2,7,6,7,7,7,6,7,7,6,7
321,4,C20.parietal_midline,m,7,2,7,6,7,7,7,6,7,7,6,7
322,5,C20.parietal_midline,m,7,2,7,6,7,7,7,6,7,7,6,7
323,6,C20.parietal_midline,m,7,2,7,6,7,7,7,6,7,7,6,7
324,7,C20.parietal_midline,m,7,2,7,6,7,7,7,6,7,7,6,7
325,8,C20.parietal_midline,m,7,2,7,6,7,7,7,6,7,7,6,7
326,9,C20.parietal_midline,m,7,2,7,6,7,7,7,6,7,7,6,7
327,10,C20.parietal_midline,m,7,2,7,6,7,7,7,6,7,7,6,7
328,1,C21.parietal_anterior,r,7,2,7,6,7,7,7,6,7,7,6,7
329,2,C21.parietal_anterior,r,7,2,7,6,7,7,7,6,7,7,6,7
330,3,C21.parietal_anterior,r,7,2,7,6,7,7,7,6,7,7,6,7
331,4,C21.parietal_anterior,r,7,2,7,6,7,7,7,6,7,7,6,7
332,5,C21.parietal_anterior,r,7,2,7,6,7,7,7,6,7,7,6,7
333,1,C22.parietal_posterior,r,7,2,7,6,7,7,7,6,7,7,6,7
334,2,C22.parietal_posterior,r,7,2,7,6,7,7,7,6,7,7,6,7
335,3,C22.parietal_posterior,r,7,2,7,6,7,7,7,6,7,7,6,7
336,4,C22.parietal_posterior,r,7,2,7,6,7,7,7,6,7,7,6,7
337,5,C22.parietal_posterior,r,7,2,7,6,7,7,7,6,7,7,6,7
338,6,C22.parietal_posterior,r,7,2,7,6,7,7,7,6,7,7,6,7
339,7,C22.parietal_posterior,r,7,2,7,6,7,7,7,6,7,7,6,7
340,8,C22.parietal_posterior,r,7,2,7,6,7,7,7,6,7,7,6,7
341,9,C22.parietal_posterior,r,7,2,7,6,7,7,7,6,7,7,6,7
342,10,C22.parietal_posterior,r,7,2,7,6,7,7,7,6,7,7,6,7
343,1,C23.parietal_lateral,r,7,2,7,6,7,7,7,6,7,7,6,7
344,2,C23.parietal_lateral,r,7,2,7,6,7,7,7,6,7,7,6,7
345,3,C23.parietal_lateral,r,7,2,7,6,7,7,7,6,7,7,6,7
346,4,C23.parietal_lateral,r,7,2,7,6,7,7,7,6,7,7,6,7
347,5,C23.parietal_lateral,r,7,2,7,6,7,7,7,6,7,7,6,7
348,6,C23.parietal_lateral,r,7,2,7,6,7,7,7,6,7,7,6,7
349,7,C23.parietal_lateral,r,7,2,7,6,7,7,7,6,7,7,6,7
350,8,C23.parietal_lateral,r,7,2,7,6,7,7,7,6,7,7,6,7
351,9,C23.parietal_lateral,r,7,2,7,6,7,7,7,6,7,7,6,7
352,10,C23.parietal_lateral,r,7,2,7,6,7,7,7,6,7,7,6,7
353,1,C24.supraocc_midline,m,8,7,8,8,8,8,8,8,8,8,6,8
354,2,C24.supraocc_midline,m,8,7,8,8,8,8,8,8,8,8,6,8
355,3,C24.supraocc_midline,m,8,7,8,8,8,8,8,8,8,8,6,8
356,4,C24.supraocc_midline,m,8,7,8,8,8,8,8,8,8,8,6,8
357,5,C24.supraocc_midline,m,8,7,8,8,8,8,8,8,8,8,6,8
358,6,C24.supraocc_midline,m,8,7,8,8,8,8,8,8,8,8,6,8
359,7,C24.supraocc_midline,m,8,7,8,8,8,8,8,8,8,8,6,8
360,8,C24.supraocc_midline,m,8,7,8,8,8,8,8,8,8,8,6,8
361,9,C24.supraocc_midline,m,8,7,8,8,8,8,8,8,8,8,6,8
362,10,C24.supraocc_midline,m,8,7,8,8,8,8,8,8,8,8,6,8
363,1,C25.foramen_mag_lateral,r,8,7,8,8,8,8,8,8,8,8,6,8
364,2,C25.foramen_mag_lateral,r,8,7,8,8,8,8,8,8,8,8,6,8
365,3,C25.foramen_mag_lateral,r,8,7,8,8,8,8,8,8,8,8,6,8
366,4,C25.foramen_mag_lateral,r,8,7,8,8,8,8,8,8,8,8,6,8
367,5,C25.foramen_mag_lateral,r,8,7,8,8,8,8,8,8,8,8,6,8
368,6,C25.foramen_mag_lateral,r,8,7,8,8,8,8,8,8,8,8,6,8
369,7,C25.foramen_mag_lateral,r,8,7,8,8,8,8,8,8,8,8,6,8
370,8,C25.foramen_mag_lateral,r,8,7,8,8,8,8,8,8,8,8,6,8
371,9,C25.foramen_mag_lateral,r,8,7,8,8,8,8,8,8,8,8,6,8
372,10,C25.foramen_mag_lateral,r,8,7,8,8,8,8,8,8,8,8,6,8
373,1,C26.supraocc_ventrolat,r,8,7,8,8,8,8,8,8,8,8,6,8
374,2,C26.supraocc_ventrolat,r,8,7,8,8,8,8,8,8,8,8,6,8
375,3,C26.supraocc_ventrolat,r,8,7,8,8,8,8,8,8,8,8,6,8
376,4,C26.supraocc_ventrolat,r,8,7,8,8,8,8,8,8,8,8,6,8
377,5,C26.supraocc_ventrolat,r,8,7,8,8,8,8,8,8,8,8,6,8
378,6,C26.supraocc_ventrolat,r,8,7,8,8,8,8,8,8,8,8,6,8
379,7,C26.supraocc_ventrolat,r,8,7,8,8,8,8,8,8,8,8,6,8
380,8,C26.supraocc_ventrolat,r,8,7,8,8,8,8,8,8,8,8,6,8
381,9,C26.supraocc_ventrolat,r,8,7,8,8,8,8,8,8,8,8,6,8
382,10,C26.supraocc_ventrolat,r,8,7,8,8,8,8,8,8,8,8,6,8
383,1,C27.supraocc_dorsal,r,8,7,8,8,8,8,8,8,8,8,6,8
384,2,C27.supraocc_dorsal,r,8,7,8,8,8,8,8,8,8,8,6,8
385,3,C27.supraocc_dorsal,r,8,7,8,8,8,8,8,8,8,8,6,8
386,4,C27.supraocc_dorsal,r,8,7,8,8,8,8,8,8,8,8,6,8
387,5,C27.supraocc_dorsal,r,8,7,8,8,8,8,8,8,8,8,6,8
388,6,C27.supraocc_dorsal,r,8,7,8,8,8,8,8,8,8,8,6,8
389,7,C27.supraocc_dorsal,r,8,7,8,8,8,8,8,8,8,8,6,8
390,8,C27.supraocc_dorsal,r,8,7,8,8,8,8,8,8,8,8,6,8
391,9,C27.supraocc_dorsal,r,8,7,8,8,8,8,8,8,8,8,6,8
392,10,C27.supraocc_dorsal,r,8,7,8,8,8,8,8,8,8,8,6,8
393,1,C28.condyle_dorsal,r,9,7,8,9,9,9,9,8,9,8,6,8
394,2,C28.condyle_dorsal,r,9,7,8,9,9,9,9,8,9,8,6,8
395,3,C28.condyle_dorsal,r,9,7,8,9,9,9,9,8,9,8,6,8
396,4,C28.condyle_dorsal,r,9,7,8,9,9,9,9,8,9,8,6,8
397,5,C28.condyle_dorsal,r,9,7,8,9,9,9,9,8,9,8,6,8
398,1,C29.condyle_lateral,r,9,7,8,9,9,9,9,8,9,8,6,8
399,2,C29.condyle_lateral,r,9,7,8,9,9,9,9,8,9,8,6,8
400,3,C29.condyle_lateral,r,9,7,8,9,9,9,9,8,9,8,6,8
401,4,C29.condyle_lateral,r,9,7,8,9,9,9,9,8,9,8,6,8
402,5,C29.condyle_lateral,r,9,7,8,9,9,9,9,8,9,8,6,8
403,6,C29.condyle_lateral,r,9,7,8,9,9,9,9,8,9,8,6,8
404,7,C29.condyle_lateral,r,9,7,8,9,9,9,9,8,9,8,6,8
405,8,C29.condyle_lateral,r,9,7,8,9,9,9,9,8,9,8,6,8
406,9,C29.condyle_lateral,r,9,7,8,9,9,9,9,8,9,8,6,8
407,10,C29.condyle_lateral,r,9,7,8,9,9,9,9,8,9,8,6,8
408,1,C30.condyle_midline,m,9,7,8,9,9,9,9,8,9,8,6,8
409,2,C30.condyle_midline,m,9,7,8,9,9,9,9,8,9,8,6,8
410,3,C30.condyle_midline,m,9,7,8,9,9,9,9,8,9,8,6,8
411,4,C30.condyle_midline,m,9,7,8,9,9,9,9,8,9,8,6,8
412,5,C30.condyle_midline,m,9,7,8,9,9,9,9,8,9,8,6,8
413,1,C31.basiocc_ventral,r,10,7,8,10,10,10,10,8,10,8,6,8
414,2,C31.basiocc_ventral,r,10,7,8,10,10,10,10,8,10,8,6,8
415,3,C31.basiocc_ventral,r,10,7,8,10,10,10,10,8,10,8,6,8
416,4,C31.basiocc_ventral,r,10,7,8,10,10,10,10,8,10,8,6,8
417,5,C31.basiocc_ventral,r,10,7,8,10,10,10,10,8,10,8,6,8
418,6,C31.basiocc_ventral,r,10,7,8,10,10,10,10,8,10,8,6,8
419,7,C31.basiocc_ventral,r,10,7,8,10,10,10,10,8,10,8,6,8
420,8,C31.basiocc_ventral,r,10,7,8,10,10,10,10,8,10,8,6,8
421,9,C31.basiocc_ventral,r,10,7,8,10,10,10,10,8,10,8,6,8
422,10,C31.basiocc_ventral,r,10,7,8,10,10,10,10,8,10,8,6,8
423,1,C32.basiocc_midline,m,10,7,8,10,10,10,10,8,10,8,6,8
424,2,C32.basiocc_midline,m,10,7,8,10,10,10,10,8,10,8,6,8
425,3,C32.basiocc_midline,m,10,7,8,10,10,10,10,8,10,8,6,8
426,4,C32.basiocc_midline,m,10,7,8,10,10,10,10,8,10,8,6,8
427,5,C32.basiocc_midline,m,10,7,8,10,10,10,10,8,10,8,6,8
458,1,C36.pterygoid_midline,r,11,5,11,11,11,11,11,11,11,11,1,11
459,2,C36.pterygoid_midline,r,11,5,11,11,11,11,11,11,11,11,1,11
460,3,C36.pterygoid_midline,r,11,5,11,11,11,11,11,11,11,11,1,11
461,4,C36.pterygoid_midline,r,11,5,11,11,11,11,11,11,11,11,1,11
462,5,C36.pterygoid_midline,r,11,5,11,11,11,11,11,11,11,11,1,11
463,6,C36.pterygoid_midline,r,11,5,11,11,11,11,11,11,11,11,1,11
464,7,C36.pterygoid_midline,r,11,5,11,11,11,11,11,11,11,11,1,11
465,8,C36.pterygoid_midline,r,11,5,11,11,11,11,11,11,11,11,1,11
466,9,C36.pterygoid_midline,r,11,5,11,11,11,11,11,11,11,11,1,11
467,10,C36.pterygoid_midline,r,11,5,11,11,11,11,11,11,11,11,1,11
468,11,C36.pterygoid_midline,r,11,5,11,11,11,11,11,11,11,11,1,11
469,12,C36.pterygoid_midline,r,11,5,11,11,11,11,11,11,11,11,1,11
470,13,C36.pterygoid_midline,r,11,5,11,11,11,11,11,11,11,11,1,11
471,14,C36.pterygoid_midline,r,11,5,11,11,11,11,11,11,11,11,1,11
472,15,C36.pterygoid_midline,r,11,5,11,11,11,11,11,11,11,11,1,11
473,16,C36.pterygoid_midline,r,11,5,11,11,11,11,11,11,11,11,1,11
474,17,C36.pterygoid_midline,r,11,5,11,11,11,11,11,11,11,11,1,11
475,18,C36.pterygoid_midline,r,11,5,11,11,11,11,11,11,11,11,1,11
476,19,C36.pterygoid_midline,r,11,5,11,11,11,11,11,11,11,11,1,11
477,20,C36.pterygoid_midline,r,11,5,11,11,11,11,11,11,11,11,1,11
478,1,C37.pterygoid_anterior ,r,11,5,11,11,11,11,11,11,11,11,1,11
479,2,C37.pterygoid_anterior ,r,11,5,11,11,11,11,11,11,11,11,1,11
480,3,C37.pterygoid_anterior ,r,11,5,11,11,11,11,11,11,11,11,1,11
481,4,C37.pterygoid_anterior ,r,11,5,11,11,11,11,11,11,11,11,1,11
482,5,C37.pterygoid_anterior ,r,11,5,11,11,11,11,11,11,11,11,1,11
483,1,C38.pterygoid_lateral,r,11,5,11,11,11,11,11,11,11,11,1,11
484,2,C38.pterygoid_lateral,r,11,5,11,11,11,11,11,11,11,11,1,11
485,3,C38.pterygoid_lateral,r,11,5,11,11,11,11,11,11,11,11,1,11
486,4,C38.pterygoid_lateral,r,11,5,11,11,11,11,11,11,11,11,1,11
487,5,C38.pterygoid_lateral,r,11,5,11,11,11,11,11,11,11,11,1,11
488,6,C38.pterygoid_lateral,r,11,5,11,11,11,11,11,11,11,11,1,11
489,7,C38.pterygoid_lateral,r,11,5,11,11,11,11,11,11,11,11,1,11
490,8,C38.pterygoid_lateral,r,11,5,11,11,11,11,11,11,11,11,1,11
491,9,C38.pterygoid_lateral,r,11,5,11,11,11,11,11,11,11,11,1,11
492,10,C38.pterygoid_lateral,r,11,5,11,11,11,11,11,11,11,11,1,11
493,1,C39.ptergoid_posterior,r,11,5,11,11,11,11,11,11,11,11,1,11
494,2,C39.ptergoid_posterior,r,11,5,11,11,11,11,11,11,11,11,1,11
495,3,C39.ptergoid_posterior,r,11,5,11,11,11,11,11,11,11,11,1,11
496,4,C39.ptergoid_posterior,r,11,5,11,11,11,11,11,11,11,11,1,11
497,5,C39.ptergoid_posterior,r,11,5,11,11,11,11,11,11,11,11,1,11
498,6,C39.ptergoid_posterior,r,11,5,11,11,11,11,11,11,11,11,1,11
499,7,C39.ptergoid_posterior,r,11,5,11,11,11,11,11,11,11,11,1,11
500,8,C39.ptergoid_posterior,r,11,5,11,11,11,11,11,11,11,11,1,11
501,9,C39.ptergoid_posterior,r,11,5,11,11,11,11,11,11,11,11,1,11
502,10,C39.ptergoid_posterior,r,11,5,11,11,11,11,11,11,11,11,1,11
503,1,C40.palatine_midline,r,12,4,12,12,12,12,12,1,12,12,1,12
504,2,C40.palatine_midline,r,12,4,12,12,12,12,12,1,12,12,1,12
505,3,C40.palatine_midline,r,12,4,12,12,12,12,12,1,12,12,1,12
506,4,C40.palatine_midline,r,12,4,12,12,12,12,12,1,12,12,1,12
507,5,C40.palatine_midline,r,12,4,12,12,12,12,12,1,12,12,1,12
508,6,C40.palatine_midline,r,12,4,12,12,12,12,12,1,12,12,1,12
509,7,C40.palatine_midline,r,12,4,12,12,12,12,12,1,12,12,1,12
510,8,C40.palatine_midline,r,12,4,12,12,12,12,12,1,12,12,1,12
511,9,C40.palatine_midline,r,12,4,12,12,12,12,12,1,12,12,1,12
512,10,C40.palatine_midline,r,12,4,12,12,12,12,12,1,12,12,1,12
513,1,C41.palatine_anterior,r,12,4,12,12,12,12,12,1,12,12,1,12
514,2,C41.palatine_anterior,r,12,4,12,12,12,12,12,1,12,12,1,12
515,3,C41.palatine_anterior,r,12,4,12,12,12,12,12,1,12,12,1,12
516,4,C41.palatine_anterior,r,12,4,12,12,12,12,12,1,12,12,1,12
517,5,C41.palatine_anterior,r,12,4,12,12,12,12,12,1,12,12,1,12
518,6,C41.palatine_anterior,r,12,4,12,12,12,12,12,1,12,12,1,12
519,7,C41.palatine_anterior,r,12,4,12,12,12,12,12,1,12,12,1,12
520,8,C41.palatine_anterior,r,12,4,12,12,12,12,12,1,12,12,1,12
521,9,C41.palatine_anterior,r,12,4,12,12,12,12,12,1,12,12,1,12
522,10,C41.palatine_anterior,r,12,4,12,12,12,12,12,1,12,12,1,12
523,1,C42.palatine_lateral,r,12,4,12,12,12,12,12,1,12,12,1,12
524,2,C42.palatine_lateral,r,12,4,12,12,12,12,12,1,12,12,1,12
525,3,C42.palatine_lateral,r,12,4,12,12,12,12,12,1,12,12,1,12
526,4,C42.palatine_lateral,r,12,4,12,12,12,12,12,1,12,12,1,12
527,5,C42.palatine_lateral,r,12,4,12,12,12,12,12,1,12,12,1,12
528,6,C42.palatine_lateral,r,12,4,12,12,12,12,12,1,12,12,1,12
529,7,C42.palatine_lateral,r,12,4,12,12,12,12,12,1,12,12,1,12
530,8,C42.palatine_lateral,r,12,4,12,12,12,12,12,1,12,12,1,12
531,9,C42.palatine_lateral,r,12,4,12,12,12,12,12,1,12,12,1,12
532,10,C42.palatine_lateral,r,12,4,12,12,12,12,12,1,12,12,1,12
533,1,C43.palatine_posterior,r,12,4,12,12,12,12,12,1,12,12,1,12
534,2,C43.palatine_posterior,r,12,4,12,12,12,12,12,1,12,12,1,12
535,3,C43.palatine_posterior,r,12,4,12,12,12,12,12,1,12,12,1,12
536,4,C43.palatine_posterior,r,12,4,12,12,12,12,12,1,12,12,1,12
537,5,C43.palatine_posterior,r,12,4,12,12,12,12,12,1,12,12,1,12
538,1,C44.jugal_orbital,r,14,1,14,14,13,14,14,14,11,14,1,14
539,2,C44.jugal_orbital,r,14,1,14,14,13,14,14,14,11,14,1,14
540,3,C44.jugal_orbital,r,14,1,14,14,13,14,14,14,11,14,1,14
541,4,C44.jugal_orbital,r,14,1,14,14,13,14,14,14,11,14,1,14
542,5,C44.jugal_orbital,r,14,1,14,14,13,14,14,14,11,14,1,14
543,6,C44.jugal_orbital,r,14,1,14,14,13,14,14,14,11,14,1,14
544,7,C44.jugal_orbital,r,14,1,14,14,13,14,14,14,11,14,1,14
545,8,C44.jugal_orbital,r,14,1,14,14,13,14,14,14,11,14,1,14
546,9,C44.jugal_orbital,r,14,1,14,14,13,14,14,14,11,14,1,14
547,10,C44.jugal_orbital,r,14,1,14,14,13,14,14,14,11,14,1,14
548,1,C45.jugal_anterodorsal,r,14,1,14,14,13,14,14,14,11,14,1,14
549,2,C45.jugal_anterodorsal,r,14,1,14,14,13,14,14,14,11,14,1,14
550,3,C45.jugal_anterodorsal,r,14,1,14,14,13,14,14,14,11,14,1,14
551,4,C45.jugal_anterodorsal,r,14,1,14,14,13,14,14,14,11,14,1,14
552,5,C45.jugal_anterodorsal,r,14,1,14,14,13,14,14,14,11,14,1,14
553,1,C46.jugal_ventral,r,14,1,14,14,13,14,14,14,11,14,1,14
554,2,C46.jugal_ventral,r,14,1,14,14,13,14,14,14,11,14,1,14
555,3,C46.jugal_ventral,r,14,1,14,14,13,14,14,14,11,14,1,14
556,4,C46.jugal_ventral,r,14,1,14,14,13,14,14,14,11,14,1,14
557,5,C46.jugal_ventral,r,14,1,14,14,13,14,14,14,11,14,1,14
558,6,C46.jugal_ventral,r,14,1,14,14,13,14,14,14,11,14,1,14
559,7,C46.jugal_ventral,r,14,1,14,14,13,14,14,14,11,14,1,14
560,8,C46.jugal_ventral,r,14,1,14,14,13,14,14,14,11,14,1,14
561,9,C46.jugal_ventral,r,14,1,14,14,13,14,14,14,11,14,1,14
562,10,C46.jugal_ventral,r,14,1,14,14,13,14,14,14,11,14,1,14
563,11,C46.jugal_ventral,r,14,1,14,14,13,14,14,14,11,14,1,14
564,12,C46.jugal_ventral,r,14,1,14,14,13,14,14,14,11,14,1,14
565,13,C46.jugal_ventral,r,14,1,14,14,13,14,14,14,11,14,1,14
566,14,C46.jugal_ventral,r,14,1,14,14,13,14,14,14,11,14,1,14
567,15,C46.jugal_ventral,r,14,1,14,14,13,14,14,14,11,14,1,14
568,16,C46.jugal_ventral,r,14,1,14,14,13,14,14,14,11,14,1,14
569,17,C46.jugal_ventral,r,14,1,14,14,13,14,14,14,11,14,1,14
570,18,C46.jugal_ventral,r,14,1,14,14,13,14,14,14,11,14,1,14
571,19,C46.jugal_ventral,r,14,1,14,14,13,14,14,14,11,14,1,14
572,20,C46.jugal_ventral,r,14,1,14,14,13,14,14,14,11,14,1,14
573,1,C47.jugal_post_QJ,r,14,1,14,14,13,14,14,14,11,14,1,14
574,2,C47.jugal_post_QJ,r,14,1,14,14,13,14,14,14,11,14,1,14
575,3,C47.jugal_post_QJ,r,14,1,14,14,13,14,14,14,11,14,1,14
576,4,C47.jugal_post_QJ,r,14,1,14,14,13,14,14,14,11,14,1,14
577,5,C47.jugal_post_QJ,r,14,1,14,14,13,14,14,14,11,14,1,14
578,6,C47.jugal_post_QJ,r,14,1,14,14,13,14,14,14,11,14,1,14
579,7,C47.jugal_post_QJ,r,14,1,14,14,13,14,14,14,11,14,1,14
580,8,C47.jugal_post_QJ,r,14,1,14,14,13,14,14,14,11,14,1,14
581,9,C47.jugal_post_QJ,r,14,1,14,14,13,14,14,14,11,14,1,14
582,10,C47.jugal_post_QJ,r,14,1,14,14,13,14,14,14,11,14,1,14
583,1,C48.jugal_ant_QJ,r,14,1,14,14,13,14,14,14,11,14,1,14
584,2,C48.jugal_ant_QJ,r,14,1,14,14,13,14,14,14,11,14,1,14
585,3,C48.jugal_ant_QJ,r,14,1,14,14,13,14,14,14,11,14,1,14
586,4,C48.jugal_ant_QJ,r,14,1,14,14,13,14,14,14,11,14,1,14
587,5,C48.jugal_ant_QJ,r,14,1,14,14,13,14,14,14,11,14,1,14
588,6,C48.jugal_ant_QJ,r,14,1,14,14,13,14,14,14,11,14,1,14
589,7,C48.jugal_ant_QJ,r,14,1,14,14,13,14,14,14,11,14,1,14
590,8,C48.jugal_ant_QJ,r,14,1,14,14,13,14,14,14,11,14,1,14
591,9,C48.jugal_ant_QJ,r,14,1,14,14,13,14,14,14,11,14,1,14
592,10,C48.jugal_ant_QJ,r,14,1,14,14,13,14,14,14,11,14,1,14
593,1,C49.squamosal_lateral,r,15,2,15,6,15,15,15,6,15,15,6,15
594,2,C49.squamosal_lateral,r,15,2,15,6,15,15,15,6,15,15,6,15
595,3,C49.squamosal_lateral,r,15,2,15,6,15,15,15,6,15,15,6,15
596,4,C49.squamosal_lateral,r,15,2,15,6,15,15,15,6,15,15,6,15
597,5,C49.squamosal_lateral,r,15,2,15,6,15,15,15,6,15,15,6,15
598,6,C49.squamosal_lateral,r,15,2,15,6,15,15,15,6,15,15,6,15
599,7,C49.squamosal_lateral,r,15,2,15,6,15,15,15,6,15,15,6,15
600,8,C49.squamosal_lateral,r,15,2,15,6,15,15,15,6,15,15,6,15
601,9,C49.squamosal_lateral,r,15,2,15,6,15,15,15,6,15,15,6,15
602,10,C49.squamosal_lateral,r,15,2,15,6,15,15,15,6,15,15,6,15
603,1,C50.squamosal_anterior,r,15,2,15,6,15,15,15,6,15,15,6,15
604,2,C50.squamosal_anterior,r,15,2,15,6,15,15,15,6,15,15,6,15
605,3,C50.squamosal_anterior,r,15,2,15,6,15,15,15,6,15,15,6,15
606,4,C50.squamosal_anterior,r,15,2,15,6,15,15,15,6,15,15,6,15
607,5,C50.squamosal_anterior,r,15,2,15,6,15,15,15,6,15,15,6,15
608,1,C51.squamosal_medial,r,15,2,15,6,15,15,15,6,15,15,6,15
609,2,C51.squamosal_medial,r,15,2,15,6,15,15,15,6,15,15,6,15
610,3,C51.squamosal_medial,r,15,2,15,6,15,15,15,6,15,15,6,15
611,4,C51.squamosal_medial,r,15,2,15,6,15,15,15,6,15,15,6,15
612,5,C51.squamosal_medial,r,15,2,15,6,15,15,15,6,15,15,6,15
613,6,C51.squamosal_medial,r,15,2,15,6,15,15,15,6,15,15,6,15
614,7,C51.squamosal_medial,r,15,2,15,6,15,15,15,6,15,15,6,15
615,8,C51.squamosal_medial,r,15,2,15,6,15,15,15,6,15,15,6,15
616,9,C51.squamosal_medial,r,15,2,15,6,15,15,15,6,15,15,6,15
617,10,C51.squamosal_medial,r,15,2,15,6,15,15,15,6,15,15,6,15
618,1,C52.squamosal_post,r,15,2,15,6,15,15,15,6,15,15,6,15
619,2,C52.squamosal_post,r,15,2,15,6,15,15,15,6,15,15,6,15
620,3,C52.squamosal_post,r,15,2,15,6,15,15,15,6,15,15,6,15
621,4,C52.squamosal_post,r,15,2,15,6,15,15,15,6,15,15,6,15
622,5,C52.squamosal_post,r,15,2,15,6,15,15,15,6,15,15,6,15
623,1,C53.lacrimal_lateral,r,16,2,16,16,16,16,4,4,16,16,1,16
624,2,C53.lacrimal_lateral,r,16,2,16,16,16,16,4,4,16,16,1,16
625,3,C53.lacrimal_lateral,r,16,2,16,16,16,16,4,4,16,16,1,16
626,4,C53.lacrimal_lateral,r,16,2,16,16,16,16,4,4,16,16,1,16
627,5,C53.lacrimal_lateral,r,16,2,16,16,16,16,4,4,16,16,1,16
628,6,C53.lacrimal_lateral,r,16,2,16,16,16,16,4,4,16,16,1,16
629,7,C53.lacrimal_lateral,r,16,2,16,16,16,16,4,4,16,16,1,16
630,8,C53.lacrimal_lateral,r,16,2,16,16,16,16,4,4,16,16,1,16
631,9,C53.lacrimal_lateral,r,16,2,16,16,16,16,4,4,16,16,1,16
632,10,C53.lacrimal_lateral,r,16,2,16,16,16,16,4,4,16,16,1,16
633,1,C54.lacrimal_anteromedial,r,16,2,16,16,16,16,4,4,16,16,1,16
634,2,C54.lacrimal_anteromedial,r,16,2,16,16,16,16,4,4,16,16,1,16
635,3,C54.lacrimal_anteromedial,r,16,2,16,16,16,16,4,4,16,16,1,16
636,4,C54.lacrimal_anteromedial,r,16,2,16,16,16,16,4,4,16,16,1,16
637,5,C54.lacrimal_anteromedial,r,16,2,16,16,16,16,4,4,16,16,1,16
638,1,C55.lacrimal_posteromedial,r,16,2,16,16,16,16,4,4,16,16,1,16
639,2,C55.lacrimal_posteromedial,r,16,2,16,16,16,16,4,4,16,16,1,16
640,3,C55.lacrimal_posteromedial,r,16,2,16,16,16,16,4,4,16,16,1,16
641,4,C55.lacrimal_posteromedial,r,16,2,16,16,16,16,4,4,16,16,1,16
642,5,C55.lacrimal_posteromedial,r,16,2,16,16,16,16,4,4,16,16,1,16
643,6,C55.lacrimal_posteromedial,r,16,2,16,16,16,16,4,4,16,16,1,16
644,7,C55.lacrimal_posteromedial,r,16,2,16,16,16,16,4,4,16,16,1,16
645,8,C55.lacrimal_posteromedial,r,16,2,16,16,16,16,4,4,16,16,1,16
646,9,C55.lacrimal_posteromedial,r,16,2,16,16,16,16,4,4,16,16,1,16
647,10,C55.lacrimal_posteromedial,r,16,2,16,16,16,16,4,4,16,16,1,16
648,1,C56.lacrimal_orbital,r,16,2,16,16,16,16,4,4,16,16,1,16
649,2,C56.lacrimal_orbital,r,16,2,16,16,16,16,4,4,16,16,1,16
650,3,C56.lacrimal_orbital,r,16,2,16,16,16,16,4,4,16,16,1,16
651,4,C56.lacrimal_orbital,r,16,2,16,16,16,16,4,4,16,16,1,16
652,5,C56.lacrimal_orbital,r,16,2,16,16,16,16,4,4,16,16,1,16
653,6,C56.lacrimal_orbital,r,16,2,16,16,16,16,4,4,16,16,1,16
654,7,C56.lacrimal_orbital,r,16,2,16,16,16,16,4,4,16,16,1,16
655,8,C56.lacrimal_orbital,r,16,2,16,16,16,16,4,4,16,16,1,16
656,9,C56.lacrimal_orbital,r,16,2,16,16,16,16,4,4,16,16,1,16
657,10,C56.lacrimal_orbital,r,16,2,16,16,16,16,4,4,16,16,1,16
658,1,C57.ecto_anterior,r,17,5,17,17,17,11,17,16,17,11,1,11
659,2,C57.ecto_anterior,r,17,5,17,17,17,11,17,16,17,11,1,11
660,3,C57.ecto_anterior,r,17,5,17,17,17,11,17,16,17,11,1,11
661,4,C57.ecto_anterior,r,17,5,17,17,17,11,17,16,17,11,1,11
662,5,C57.ecto_anterior,r,17,5,17,17,17,11,17,16,17,11,1,11
663,6,C57.ecto_anterior,r,17,5,17,17,17,11,17,16,17,11,1,11
664,7,C57.ecto_anterior,r,17,5,17,17,17,11,17,16,17,11,1,11
665,8,C57.ecto_anterior,r,17,5,17,17,17,11,17,16,17,11,1,11
666,9,C57.ecto_anterior,r,17,5,17,17,17,11,17,16,17,11,1,11
667,10,C57.ecto_anterior,r,17,5,17,17,17,11,17,16,17,11,1,11
668,1,C58.ecto_medial,r,17,5,17,17,17,11,17,16,17,11,1,11
669,2,C58.ecto_medial,r,17,5,17,17,17,11,17,16,17,11,1,11
670,3,C58.ecto_medial,r,17,5,17,17,17,11,17,16,17,11,1,11
671,4,C58.ecto_medial,r,17,5,17,17,17,11,17,16,17,11,1,11
672,5,C58.ecto_medial,r,17,5,17,17,17,11,17,16,17,11,1,11
673,6,C58.ecto_medial,r,17,5,17,17,17,11,17,16,17,11,1,11
674,7,C58.ecto_medial,r,17,5,17,17,17,11,17,16,17,11,1,11
675,8,C58.ecto_medial,r,17,5,17,17,17,11,17,16,17,11,1,11
676,9,C58.ecto_medial,r,17,5,17,17,17,11,17,16,17,11,1,11
677,10,C58.ecto_medial,r,17,5,17,17,17,11,17,16,17,11,1,11
678,1,C59.ecto_post,r,17,5,17,17,17,11,17,16,17,11,1,11
679,2,C59.ecto_post,r,17,5,17,17,17,11,17,16,17,11,1,11
680,3,C59.ecto_post,r,17,5,17,17,17,11,17,16,17,11,1,11
681,4,C59.ecto_post,r,17,5,17,17,17,11,17,16,17,11,1,11
682,5,C59.ecto_post,r,17,5,17,17,17,11,17,16,17,11,1,11
683,6,C59.ecto_post,r,17,5,17,17,17,11,17,16,17,11,1,11
684,7,C59.ecto_post,r,17,5,17,17,17,11,17,16,17,11,1,11
685,8,C59.ecto_post,r,17,5,17,17,17,11,17,16,17,11,1,11
686,9,C59.ecto_post,r,17,5,17,17,17,11,17,16,17,11,1,11
687,10,C59.ecto_post,r,17,5,17,17,17,11,17,16,17,11,1,11
688,1,C60.ecto_lateral,r,17,5,17,17,17,11,17,16,17,11,1,11
689,2,C60.ecto_lateral,r,17,5,17,17,17,11,17,16,17,11,1,11
690,3,C60.ecto_lateral,r,17,5,17,17,17,11,17,16,17,11,1,11
691,4,C60.ecto_lateral,r,17,5,17,17,17,11,17,16,17,11,1,11
692,5,C60.ecto_lateral,r,17,5,17,17,17,11,17,16,17,11,1,11
693,6,C60.ecto_lateral,r,17,5,17,17,17,11,17,16,17,11,1,11
694,7,C60.ecto_lateral,r,17,5,17,17,17,11,17,16,17,11,1,11
695,8,C60.ecto_lateral,r,17,5,17,17,17,11,17,16,17,11,1,11
696,9,C60.ecto_lateral,r,17,5,17,17,17,11,17,16,17,11,1,11
697,10,C60.ecto_lateral,r,17,5,17,17,17,11,17,16,17,11,1,11
698,1,C61.ptery_joint_post,r,18,5,18,18,18,11,18,11,18,11,1,11
699,2,C61.ptery_joint_post,r,18,5,18,18,18,11,18,11,18,11,1,11
700,3,C61.ptery_joint_post,r,18,5,18,18,18,11,18,11,18,11,1,11
701,4,C61.ptery_joint_post,r,18,5,18,18,18,11,18,11,18,11,1,11
702,5,C61.ptery_joint_post,r,18,5,18,18,18,11,18,11,18,11,1,11
703,6,C61.ptery_joint_post,r,18,5,18,18,18,11,18,11,18,11,1,11
704,7,C61.ptery_joint_post,r,18,5,18,18,18,11,18,11,18,11,1,11
705,8,C61.ptery_joint_post,r,18,5,18,18,18,11,18,11,18,11,1,11
706,9,C61.ptery_joint_post,r,18,5,18,18,18,11,18,11,18,11,1,11
707,10,C61.ptery_joint_post,r,18,5,18,18,18,11,18,11,18,11,1,11
708,1,C62.ptery_joint_ant,r,18,5,18,18,18,11,18,11,18,11,1,11
709,2,C62.ptery_joint_ant,r,18,5,18,18,18,11,18,11,18,11,1,11
710,3,C62.ptery_joint_ant,r,18,5,18,18,18,11,18,11,18,11,1,11
711,4,C62.ptery_joint_ant,r,18,5,18,18,18,11,18,11,18,11,1,11
712,5,C62.ptery_joint_ant,r,18,5,18,18,18,11,18,11,18,11,1,11
713,6,C62.ptery_joint_ant,r,18,5,18,18,18,11,18,11,18,11,1,11
714,7,C62.ptery_joint_ant,r,18,5,18,18,18,11,18,11,18,11,1,11
715,8,C62.ptery_joint_ant,r,18,5,18,18,18,11,18,11,18,11,1,11
716,9,C62.ptery_joint_ant,r,18,5,18,18,18,11,18,11,18,11,1,11
717,10,C62.ptery_joint_ant,r,18,5,18,18,18,11,18,11,18,11,1,11
718,1,C63.jaw_joint_post_lat,r,13,8,13,13,13,13,13,11,12,13,1,13
719,2,C63.jaw_joint_post_lat,r,13,8,13,13,13,13,13,11,12,13,1,13
720,3,C63.jaw_joint_post_lat,r,13,8,13,13,13,13,13,11,12,13,1,13
721,4,C63.jaw_joint_post_lat,r,13,8,13,13,13,13,13,11,12,13,1,13
722,5,C63.jaw_joint_post_lat,r,13,8,13,13,13,13,13,11,12,13,1,13
723,6,C64.jaw_joint_med_lat,r,13,8,13,13,13,13,13,11,12,13,1,13
724,7,C64.jaw_joint_med_lat,r,13,8,13,13,13,13,13,11,12,13,1,13
725,8,C64.jaw_joint_med_lat,r,13,8,13,13,13,13,13,11,12,13,1,13
726,9,C64.jaw_joint_med_lat,r,13,8,13,13,13,13,13,11,12,13,1,13
727,10,C64.jaw_joint_med_lat,r,13,8,13,13,13,13,13,11,12,13,1,13
728,1,C65.jaw_joint_ant,r,13,8,13,13,13,13,13,11,12,13,1,13
729,2,C65.jaw_joint_ant,r,13,8,13,13,13,13,13,11,12,13,1,13
730,3,C65.jaw_joint_ant,r,13,8,13,13,13,13,13,11,12,13,1,13
731,4,C65.jaw_joint_ant,r,13,8,13,13,13,13,13,11,12,13,1,13
732,5,C65.jaw_joint_ant,r,13,8,13,13,13,13,13,11,12,13,1,13
733,6,C65.jaw_joint_ant,r,13,8,13,13,13,13,13,11,12,13,1,13
734,7,C65.jaw_joint_ant,r,13,8,13,13,13,13,13,11,12,13,1,13
735,8,C65.jaw_joint_ant,r,13,8,13,13,13,13,13,11,12,13,1,13
736,9,C65.jaw_joint_ant,r,13,8,13,13,13,13,13,11,12,13,1,13
737,10,C65.jaw_joint_ant,r,13,8,13,13,13,13,13,11,12,13,1,13
738,1,C.66.postorb_medial,r,20,2,20,20,20,20,20,10,20,20,6,20
739,2,C.66.postorb_medial,r,20,2,20,20,20,20,20,10,20,20,6,20
740,3,C.66.postorb_medial,r,20,2,20,20,20,20,20,10,20,20,6,20
741,4,C.66.postorb_medial,r,20,2,20,20,20,20,20,10,20,20,6,20
742,5,C.66.postorb_medial,r,20,2,20,20,20,20,20,10,20,20,6,20
743,1,C.67.postorb_ant,r,20,2,20,20,20,20,20,10,20,20,6,20
744,2,C.67.postorb_ant,r,20,2,20,20,20,20,20,10,20,20,6,20
745,3,C.67.postorb_ant,r,20,2,20,20,20,20,20,10,20,20,6,20
746,4,C.67.postorb_ant,r,20,2,20,20,20,20,20,10,20,20,6,20
747,5,C.67.postorb_ant,r,20,2,20,20,20,20,20,10,20,20,6,20
748,1,C.68.postorb_descending,r,20,2,20,20,20,20,20,10,20,20,6,20
749,2,C.68.postorb_descending,r,20,2,20,20,20,20,20,10,20,20,6,20
750,3,C.68.postorb_descending,r,20,2,20,20,20,20,20,10,20,20,6,20
751,4,C.68.postorb_descending,r,20,2,20,20,20,20,20,10,20,20,6,20
752,5,C.68.postorb_descending,r,20,2,20,20,20,20,20,10,20,20,6,20
753,1,C.69.postorb_ascending,r,20,2,20,20,20,20,20,10,20,20,6,20
754,2,C.69.postorb_ascending,r,20,2,20,20,20,20,20,10,20,20,6,20
755,3,C.69.postorb_ascending,r,20,2,20,20,20,20,20,10,20,20,6,20
756,4,C.69.postorb_ascending,r,20,2,20,20,20,20,20,10,20,20,6,20
757,5,C.69.postorb_ascending,r,20,2,20,20,20,20,20,10,20,20,6,20
758,6,C.69.postorb_ascending,r,20,2,20,20,20,20,20,10,20,20,6,20
759,7,C.69.postorb_ascending,r,20,2,20,20,20,20,20,10,20,20,6,20
760,8,C.69.postorb_ascending,r,20,2,20,20,20,20,20,10,20,20,6,20
761,9,C.69.postorb_ascending,r,20,2,20,20,20,20,20,10,20,20,6,20
762,10,C.69.postorb_ascending,r,20,2,20,20,20,20,20,10,20,20,6,20
763,1,C.70.postorb_post,r,20,2,20,20,20,20,20,10,20,20,6,20
764,2,C.70.postorb_post,r,20,2,20,20,20,20,20,10,20,20,6,20
765,3,C.70.postorb_post,r,20,2,20,20,20,20,20,10,20,20,6,20
766,4,C.70.postorb_post,r,20,2,20,20,20,20,20,10,20,20,6,20
767,5,C.70.postorb_post,r,20,2,20,20,20,20,20,10,20,20,6,20
768,103,patch_premax_d,r,4,1,4,4,4,4,4,4,1,4,1,1
769,104,patch_premax_d,r,4,1,4,4,4,4,4,4,1,4,1,1
770,105,patch_premax_d,r,4,1,4,4,4,4,4,4,1,4,1,1
771,106,patch_premax_d,r,4,1,4,4,4,4,4,4,1,4,1,1
772,107,patch_premax_d,r,4,1,4,4,4,4,4,4,1,4,1,1
773,108,patch_premax_d,r,4,1,4,4,4,4,4,4,1,4,1,1
774,109,patch_premax_d,r,4,1,4,4,4,4,4,4,1,4,1,1
775,110,patch_premax_d,r,4,1,4,4,4,4,4,4,1,4,1,1
776,111,patch_premax_d,r,4,1,4,4,4,4,4,4,1,4,1,1
777,112,patch_premax_d,r,4,1,4,4,4,4,4,4,1,4,1,1
778,113,patch_premax_d,r,4,1,4,4,4,4,4,4,1,4,1,1
779,114,patch_premax_d,r,4,1,4,4,4,4,4,4,1,4,1,1
780,115,patch_premax_d,r,4,1,4,4,4,4,4,4,1,4,1,1
781,116,patch_premax_d,r,4,1,4,4,4,4,4,4,1,4,1,1
782,117,patch_premax_d,r,4,1,4,4,4,4,4,4,1,4,1,1
783,118,patch_premax_d,r,4,1,4,4,4,4,4,4,1,4,1,1
784,119,patch_premax_d,r,4,1,4,4,4,4,4,4,1,4,1,1
785,120,patch_premax_d,r,4,1,4,4,4,4,4,4,1,4,1,1
786,121,patch_premax_d,r,4,1,4,4,4,4,4,4,1,4,1,1
787,122,patch_premax_d,r,4,1,4,4,4,4,4,4,1,4,1,1
788,123,patch_premax_d,r,4,1,4,4,4,4,4,4,1,4,1,1
789,124,patch_premax_d,r,4,1,4,4,4,4,4,4,1,4,1,1
790,125,patch_premax_d,r,4,1,4,4,4,4,4,4,1,4,1,1
791,126,patch_premax_d,r,4,1,4,4,4,4,4,4,1,4,1,1
792,127,patch_premax_d,r,4,1,4,4,4,4,4,4,1,4,1,1
793,128,patch_premax_d,r,4,1,4,4,4,4,4,4,1,4,1,1
794,129,patch_premax_d,r,4,1,4,4,4,4,4,4,1,4,1,1
795,130,patch_premax_d,r,4,1,4,4,4,4,4,4,1,4,1,1
796,131,patch_premax_d,r,4,1,4,4,4,4,4,4,1,4,1,1
797,132,patch_premax_d,r,4,1,4,4,4,4,4,4,1,4,1,1
798,133,patch_premax_d,r,4,1,4,4,4,4,4,4,1,4,1,1
799,134,patch_premax_d,r,4,1,4,4,4,4,4,4,1,4,1,1
800,135,patch_max_d,r,3,1,3,3,3,3,4,4,2,3,1,3
801,136,patch_max_d,r,3,1,3,3,3,3,4,4,2,3,1,3
802,137,patch_max_d,r,3,1,3,3,3,3,4,4,2,3,1,3
803,138,patch_max_d,r,3,1,3,3,3,3,4,4,2,3,1,3
804,139,patch_max_d,r,3,1,3,3,3,3,4,4,2,3,1,3
805,140,patch_max_d,r,3,1,3,3,3,3,4,4,2,3,1,3
806,141,patch_max_d,r,3,1,3,3,3,3,4,4,2,3,1,3
807,142,patch_max_d,r,3,1,3,3,3,3,4,4,2,3,1,3
808,143,patch_max_d,r,3,1,3,3,3,3,4,4,2,3,1,3
809,144,patch_max_d,r,3,1,3,3,3,3,4,4,2,3,1,3
810,145,patch_max_d,r,3,1,3,3,3,3,4,4,2,3,1,3
811,146,patch_max_d,r,3,1,3,3,3,3,4,4,2,3,1,3
812,147,patch_max_d,r,3,1,3,3,3,3,4,4,2,3,1,3
813,148,patch_max_d,r,3,1,3,3,3,3,4,4,2,3,1,3
814,149,patch_max_d,r,3,1,3,3,3,3,4,4,2,3,1,3
815,150,patch_max_d,r,3,1,3,3,3,3,4,4,2,3,1,3
816,151,patch_max_d,r,3,1,3,3,3,3,4,4,2,3,1,3
817,152,patch_max_d,r,3,1,3,3,3,3,4,4,2,3,1,3
818,153,patch_max_d,r,3,1,3,3,3,3,4,4,2,3,1,3
819,154,patch_max_d,r,3,1,3,3,3,3,4,4,2,3,1,3
820,155,patch_max_d,r,3,1,3,3,3,3,4,4,2,3,1,3
821,156,patch_max_d,r,3,1,3,3,3,3,4,4,2,3,1,3
822,157,patch_max_d,r,3,1,3,3,3,3,4,4,2,3,1,3
823,158,patch_max_d,r,3,1,3,3,3,3,4,4,2,3,1,3
824,159,patch_max_d,r,3,1,3,3,3,3,4,4,2,3,1,3
825,160,patch_max_d,r,3,1,3,3,3,3,4,4,2,3,1,3
826,161,patch_max_d,r,3,1,3,3,3,3,4,4,2,3,1,3
827,162,patch_max_d,r,3,1,3,3,3,3,4,4,2,3,1,3
828,163,patch_max_d,r,3,1,3,3,3,3,4,4,2,3,1,3
829,164,patch_max_d,r,3,1,3,3,3,3,4,4,2,3,1,3
830,165,patch_max_d,r,3,1,3,3,3,3,4,4,2,3,1,3
831,166,patch_max_d,r,3,1,3,3,3,3,4,4,2,3,1,3
832,167,patch_max_d,r,3,1,3,3,3,3,4,4,2,3,1,3
833,168,patch_max_d,r,3,1,3,3,3,3,4,4,2,3,1,3
834,169,patch_max_d,r,3,1,3,3,3,3,4,4,2,3,1,3
835,170,patch_max_d,r,3,1,3,3,3,3,4,4,2,3,1,3
836,171,patch_max_d,r,3,1,3,3,3,3,4,4,2,3,1,3
837,172,patch_max_d,r,3,1,3,3,3,3,4,4,2,3,1,3
838,173,patch_max_d,r,3,1,3,3,3,3,4,4,2,3,1,3
839,174,patch_max_d,r,3,1,3,3,3,3,4,4,2,3,1,3
840,175,patch_max_d,r,3,1,3,3,3,3,4,4,2,3,1,3
841,176,patch_max_d,r,3,1,3,3,3,3,4,4,2,3,1,3
842,177,patch_max_d,r,3,1,3,3,3,3,4,4,2,3,1,3
843,178,patch_max_d,r,3,1,3,3,3,3,4,4,2,3,1,3
844,179,patch_max_d,r,3,1,3,3,3,3,4,4,2,3,1,3
845,180,patch_max_d,r,3,1,3,3,3,3,4,4,2,3,1,3
846,181,patch_max_d,r,3,1,3,3,3,3,4,4,2,3,1,3
847,182,patch_max_d,r,3,1,3,3,3,3,4,4,2,3,1,3
848,183,patch_max_d,r,3,1,3,3,3,3,4,4,2,3,1,3
849,184,patch_max_d,r,3,1,3,3,3,3,4,4,2,3,1,3
850,185,patch_max_d,r,3,1,3,3,3,3,4,4,2,3,1,3
851,186,patch_max_d,r,3,1,3,3,3,3,4,4,2,3,1,3
852,187,patch_max_d,r,3,1,3,3,3,3,4,4,2,3,1,3
853,188,patch_max_d,r,3,1,3,3,3,3,4,4,2,3,1,3
854,189,patch_max_d,r,3,1,3,3,3,3,4,4,2,3,1,3
855,190,patch_max_d,r,3,1,3,3,3,3,4,4,2,3,1,3
856,191,patch_max_d,r,3,1,3,3,3,3,4,4,2,3,1,3
857,192,patch_max_d,r,3,1,3,3,3,3,4,4,2,3,1,3
858,193,patch_max_d,r,3,1,3,3,3,3,4,4,2,3,1,3
859,194,patch_max_d,r,3,1,3,3,3,3,4,4,2,3,1,3
860,195,patch_max_d,r,3,1,3,3,3,3,4,4,2,3,1,3
861,196,patch_max_d,r,3,1,3,3,3,3,4,4,2,3,1,3
862,197,patch_max_d,r,3,1,3,3,3,3,4,4,2,3,1,3
863,198,patch_max_d,r,3,1,3,3,3,3,4,4,2,3,1,3
864,199,patch_max_d,r,3,1,3,3,3,3,4,4,2,3,1,3
865,200,patch_max_d,r,3,1,3,3,3,3,4,4,2,3,1,3
866,201,patch_max_d,r,3,1,3,3,3,3,4,4,2,3,1,3
867,202,patch_max_d,r,3,1,3,3,3,3,4,4,2,3,1,3
868,203,patch_max_d,r,3,1,3,3,3,3,4,4,2,3,1,3
869,204,patch_max_d,r,3,1,3,3,3,3,4,4,2,3,1,3
870,205,patch_max_d,r,3,1,3,3,3,3,4,4,2,3,1,3
871,206,patch_max_d,r,3,1,3,3,3,3,4,4,2,3,1,3
872,207,patch_max_d,r,3,1,3,3,3,3,4,4,2,3,1,3
873,208,patch_max_d,r,3,1,3,3,3,3,4,4,2,3,1,3
874,209,patch_max_d,r,3,1,3,3,3,3,4,4,2,3,1,3
875,210,patch_max_d,r,3,1,3,3,3,3,4,4,2,3,1,3
876,211,patch_max_d,r,3,1,3,3,3,3,4,4,2,3,1,3
877,212,patch_max_d,r,3,1,3,3,3,3,4,4,2,3,1,3
878,213,patch_max_d,r,3,1,3,3,3,3,4,4,2,3,1,3
879,214,patch_max_d,r,3,1,3,3,3,3,4,4,2,3,1,3
880,215,patch_max_d,r,3,1,3,3,3,3,4,4,2,3,1,3
881,216,patch_max_d,r,3,1,3,3,3,3,4,4,2,3,1,3
882,217,patch_max_d,r,3,1,3,3,3,3,4,4,2,3,1,3
883,218,patch_nasal,r,5,1,5,5,5,5,4,4,5,5,1,5
884,219,patch_nasal,r,5,1,5,5,5,5,4,4,5,5,1,5
885,220,patch_nasal,r,5,1,5,5,5,5,4,4,5,5,1,5
886,221,patch_nasal,r,5,1,5,5,5,5,4,4,5,5,1,5
887,222,patch_nasal,r,5,1,5,5,5,5,4,4,5,5,1,5
888,223,patch_nasal,r,5,1,5,5,5,5,4,4,5,5,1,5
889,224,patch_nasal,r,5,1,5,5,5,5,4,4,5,5,1,5
890,225,patch_nasal,r,5,1,5,5,5,5,4,4,5,5,1,5
891,226,patch_nasal,r,5,1,5,5,5,5,4,4,5,5,1,5
892,227,patch_nasal,r,5,1,5,5,5,5,4,4,5,5,1,5
893,228,patch_nasal,r,5,1,5,5,5,5,4,4,5,5,1,5
894,229,patch_nasal,r,5,1,5,5,5,5,4,4,5,5,1,5
895,230,patch_nasal,r,5,1,5,5,5,5,4,4,5,5,1,5
896,231,patch_nasal,r,5,1,5,5,5,5,4,4,5,5,1,5
897,232,patch_nasal,r,5,1,5,5,5,5,4,4,5,5,1,5
898,233,patch_nasal,r,5,1,5,5,5,5,4,4,5,5,1,5
899,234,patch_nasal,r,5,1,5,5,5,5,4,4,5,5,1,5
900,235,patch_nasal,r,5,1,5,5,5,5,4,4,5,5,1,5
901,236,patch_nasal,r,5,1,5,5,5,5,4,4,5,5,1,5
902,237,patch_nasal,r,5,1,5,5,5,5,4,4,5,5,1,5
903,238,patch_nasal,r,5,1,5,5,5,5,4,4,5,5,1,5
904,239,patch_nasal,r,5,1,5,5,5,5,4,4,5,5,1,5
905,240,patch_nasal,r,5,1,5,5,5,5,4,4,5,5,1,5
906,241,patch_nasal,r,5,1,5,5,5,5,4,4,5,5,1,5
907,242,patch_nasal,r,5,1,5,5,5,5,4,4,5,5,1,5
908,243,patch_nasal,r,5,1,5,5,5,5,4,4,5,5,1,5
909,244,patch_nasal,r,5,1,5,5,5,5,4,4,5,5,1,5
910,245,patch_nasal,r,5,1,5,5,5,5,4,4,5,5,1,5
911,246,patch_nasal,r,5,1,5,5,5,5,4,4,5,5,1,5
912,247,patch_nasal,r,5,1,5,5,5,5,4,4,5,5,1,5
913,248,patch_nasal,r,5,1,5,5,5,5,4,4,5,5,1,5
914,249,patch_nasal,r,5,1,5,5,5,5,4,4,5,5,1,5
915,250,patch_nasal,r,5,1,5,5,5,5,4,4,5,5,1,5
916,251,patch_nasal,r,5,1,5,5,5,5,4,4,5,5,1,5
917,252,patch_nasal,r,5,1,5,5,5,5,4,4,5,5,1,5
918,253,patch_nasal,r,5,1,5,5,5,5,4,4,5,5,1,5
919,254,patch_nasal,r,5,1,5,5,5,5,4,4,5,5,1,5
920,255,patch_nasal,r,5,1,5,5,5,5,4,4,5,5,1,5
921,256,patch_nasal,r,5,1,5,5,5,5,4,4,5,5,1,5
922,257,patch_nasal,r,5,1,5,5,5,5,4,4,5,5,1,5
923,258,patch_nasal,r,5,1,5,5,5,5,4,4,5,5,1,5
924,259,patch_nasal,r,5,1,5,5,5,5,4,4,5,5,1,5
925,260,patch_nasal,r,5,1,5,5,5,5,4,4,5,5,1,5
926,261,patch_nasal,r,5,1,5,5,5,5,4,4,5,5,1,5
927,262,patch_nasal,r,5,1,5,5,5,5,4,4,5,5,1,5
928,263,patch_nasal,r,5,1,5,5,5,5,4,4,5,5,1,5
929,264,patch_nasal,r,5,1,5,5,5,5,4,4,5,5,1,5
930,265,patch_nasal,r,5,1,5,5,5,5,4,4,5,5,1,5
931,266,patch_nasal,r,5,1,5,5,5,5,4,4,5,5,1,5
932,267,patch_nasal,r,5,1,5,5,5,5,4,4,5,5,1,5
933,268,patch_nasal,r,5,1,5,5,5,5,4,4,5,5,1,5
934,269,patch_nasal,r,5,1,5,5,5,5,4,4,5,5,1,5
935,270,patch_frontal,r,6,2,6,6,6,6,6,6,6,6,6,6
936,271,patch_frontal,r,6,2,6,6,6,6,6,6,6,6,6,6
937,272,patch_frontal,r,6,2,6,6,6,6,6,6,6,6,6,6
938,273,patch_frontal,r,6,2,6,6,6,6,6,6,6,6,6,6
939,274,patch_frontal,r,6,2,6,6,6,6,6,6,6,6,6,6
940,275,patch_frontal,r,6,2,6,6,6,6,6,6,6,6,6,6
941,276,patch_frontal,r,6,2,6,6,6,6,6,6,6,6,6,6
942,277,patch_frontal,r,6,2,6,6,6,6,6,6,6,6,6,6
943,278,patch_frontal,r,6,2,6,6,6,6,6,6,6,6,6,6
944,279,patch_frontal,r,6,2,6,6,6,6,6,6,6,6,6,6
945,280,patch_frontal,r,6,2,6,6,6,6,6,6,6,6,6,6
946,281,patch_frontal,r,6,2,6,6,6,6,6,6,6,6,6,6
947,282,patch_frontal,r,6,2,6,6,6,6,6,6,6,6,6,6
948,283,patch_frontal,r,6,2,6,6,6,6,6,6,6,6,6,6
949,284,patch_frontal,r,6,2,6,6,6,6,6,6,6,6,6,6
950,285,patch_frontal,r,6,2,6,6,6,6,6,6,6,6,6,6
951,286,patch_frontal,r,6,2,6,6,6,6,6,6,6,6,6,6
952,287,patch_frontal,r,6,2,6,6,6,6,6,6,6,6,6,6
953,288,patch_frontal,r,6,2,6,6,6,6,6,6,6,6,6,6
954,289,patch_frontal,r,6,2,6,6,6,6,6,6,6,6,6,6
955,290,patch_frontal,r,6,2,6,6,6,6,6,6,6,6,6,6
956,291,patch_frontal,r,6,2,6,6,6,6,6,6,6,6,6,6
957,292,patch_frontal,r,6,2,6,6,6,6,6,6,6,6,6,6
958,293,patch_frontal,r,6,2,6,6,6,6,6,6,6,6,6,6
959,294,patch_frontal,r,6,2,6,6,6,6,6,6,6,6,6,6
960,295,patch_frontal,r,6,2,6,6,6,6,6,6,6,6,6,6
961,296,patch_frontal,r,6,2,6,6,6,6,6,6,6,6,6,6
962,297,patch_frontal,r,6,2,6,6,6,6,6,6,6,6,6,6
963,298,patch_frontal,r,6,2,6,6,6,6,6,6,6,6,6,6
964,299,patch_frontal,r,6,2,6,6,6,6,6,6,6,6,6,6
965,300,patch_frontal,r,6,2,6,6,6,6,6,6,6,6,6,6
966,301,patch_frontal,r,6,2,6,6,6,6,6,6,6,6,6,6
967,302,patch_frontal,r,6,2,6,6,6,6,6,6,6,6,6,6
968,303,patch_frontal,r,6,2,6,6,6,6,6,6,6,6,6,6
969,304,patch_frontal,r,6,2,6,6,6,6,6,6,6,6,6,6
970,305,patch_frontal,r,6,2,6,6,6,6,6,6,6,6,6,6
971,306,patch_frontal,r,6,2,6,6,6,6,6,6,6,6,6,6
972,307,patch_frontal,r,6,2,6,6,6,6,6,6,6,6,6,6
973,308,patch_frontal,r,6,2,6,6,6,6,6,6,6,6,6,6
974,309,patch_frontal,r,6,2,6,6,6,6,6,6,6,6,6,6
975,310,patch_parietal,r,7,2,7,6,7,7,7,6,7,7,6,7
976,311,patch_parietal,r,7,2,7,6,7,7,7,6,7,7,6,7
977,312,patch_parietal,r,7,2,7,6,7,7,7,6,7,7,6,7
978,313,patch_parietal,r,7,2,7,6,7,7,7,6,7,7,6,7
979,314,patch_parietal,r,7,2,7,6,7,7,7,6,7,7,6,7
980,315,patch_parietal,r,7,2,7,6,7,7,7,6,7,7,6,7
981,316,patch_parietal,r,7,2,7,6,7,7,7,6,7,7,6,7
982,317,patch_parietal,r,7,2,7,6,7,7,7,6,7,7,6,7
983,318,patch_parietal,r,7,2,7,6,7,7,7,6,7,7,6,7
984,319,patch_parietal,r,7,2,7,6,7,7,7,6,7,7,6,7
985,320,patch_parietal,r,7,2,7,6,7,7,7,6,7,7,6,7
986,321,patch_parietal,r,7,2,7,6,7,7,7,6,7,7,6,7
987,322,patch_parietal,r,7,2,7,6,7,7,7,6,7,7,6,7
988,323,patch_parietal,r,7,2,7,6,7,7,7,6,7,7,6,7
989,324,patch_parietal,r,7,2,7,6,7,7,7,6,7,7,6,7
990,325,patch_parietal,r,7,2,7,6,7,7,7,6,7,7,6,7
991,326,patch_parietal,r,7,2,7,6,7,7,7,6,7,7,6,7
992,327,patch_parietal,r,7,2,7,6,7,7,7,6,7,7,6,7
993,328,patch_parietal,r,7,2,7,6,7,7,7,6,7,7,6,7
994,329,patch_parietal,r,7,2,7,6,7,7,7,6,7,7,6,7
995,330,patch_parietal,r,7,2,7,6,7,7,7,6,7,7,6,7
996,331,patch_parietal,r,7,2,7,6,7,7,7,6,7,7,6,7
997,332,patch_parietal,r,7,2,7,6,7,7,7,6,7,7,6,7
998,333,patch_parietal,r,7,2,7,6,7,7,7,6,7,7,6,7
999,334,patch_exocc,r,8,7,8,8,8,8,8,8,8,8,6,8
1000,335,patch_exocc,r,8,7,8,8,8,8,8,8,8,8,6,8
1001,336,patch_exocc,r,8,7,8,8,8,8,8,8,8,8,6,8
1002,337,patch_exocc,r,8,7,8,8,8,8,8,8,8,8,6,8
1003,338,patch_exocc,r,8,7,8,8,8,8,8,8,8,8,6,8
1004,339,patch_exocc,r,8,7,8,8,8,8,8,8,8,8,6,8
1005,340,patch_exocc,r,8,7,8,8,8,8,8,8,8,8,6,8
1006,341,patch_exocc,r,8,7,8,8,8,8,8,8,8,8,6,8
1007,342,patch_exocc,r,8,7,8,8,8,8,8,8,8,8,6,8
1008,343,patch_exocc,r,8,7,8,8,8,8,8,8,8,8,6,8
1009,344,patch_exocc,r,8,7,8,8,8,8,8,8,8,8,6,8
1010,345,patch_exocc,r,8,7,8,8,8,8,8,8,8,8,6,8
1011,346,patch_exocc,r,8,7,8,8,8,8,8,8,8,8,6,8
1012,347,patch_exocc,r,8,7,8,8,8,8,8,8,8,8,6,8
1013,348,patch_exocc,r,8,7,8,8,8,8,8,8,8,8,6,8
1014,349,patch_exocc,r,8,7,8,8,8,8,8,8,8,8,6,8
1015,350,patch_exocc,r,8,7,8,8,8,8,8,8,8,8,6,8
1016,351,patch_exocc,r,8,7,8,8,8,8,8,8,8,8,6,8
1017,352,patch_exocc,r,8,7,8,8,8,8,8,8,8,8,6,8
1018,353,patch_exocc,r,8,7,8,8,8,8,8,8,8,8,6,8
1019,354,patch_exocc,r,8,7,8,8,8,8,8,8,8,8,6,8
1020,355,patch_exocc,r,8,7,8,8,8,8,8,8,8,8,6,8
1021,356,patch_exocc,r,8,7,8,8,8,8,8,8,8,8,6,8
1022,357,patch_exocc,r,8,7,8,8,8,8,8,8,8,8,6,8
1023,358,patch_exocc,r,8,7,8,8,8,8,8,8,8,8,6,8
1024,359,patch_exocc,r,8,7,8,8,8,8,8,8,8,8,6,8
1025,360,patch_exocc,r,8,7,8,8,8,8,8,8,8,8,6,8
1026,361,patch_exocc,r,8,7,8,8,8,8,8,8,8,8,6,8
1027,362,patch_exocc,r,8,7,8,8,8,8,8,8,8,8,6,8
1028,363,patch_exocc,r,8,7,8,8,8,8,8,8,8,8,6,8
1029,364,patch_exocc,r,8,7,8,8,8,8,8,8,8,8,6,8
1030,365,patch_exocc,r,8,7,8,8,8,8,8,8,8,8,6,8
1031,366,patch_exocc,r,8,7,8,8,8,8,8,8,8,8,6,8
1032,367,patch_exocc,r,8,7,8,8,8,8,8,8,8,8,6,8
1033,368,patch_occ_condyle,r,9,7,8,9,9,9,9,8,9,8,6,8
1034,369,patch_occ_condyle,r,9,7,8,9,9,9,9,8,9,8,6,8
1035,370,patch_occ_condyle,r,9,7,8,9,9,9,9,8,9,8,6,8
1036,371,patch_occ_condyle,r,9,7,8,9,9,9,9,8,9,8,6,8
1037,372,patch_occ_condyle,r,9,7,8,9,9,9,9,8,9,8,6,8
1038,373,patch_occ_condyle,r,9,7,8,9,9,9,9,8,9,8,6,8
1039,374,patch_occ_condyle,r,9,7,8,9,9,9,9,8,9,8,6,8
1040,375,patch_occ_condyle,r,9,7,8,9,9,9,9,8,9,8,6,8
1041,376,patch_occ_condyle,r,9,7,8,9,9,9,9,8,9,8,6,8
1042,377,patch_occ_condyle,r,9,7,8,9,9,9,9,8,9,8,6,8
1043,378,patch_occ_condyle,r,9,7,8,9,9,9,9,8,9,8,6,8
1044,379,patch_occ_condyle,r,9,7,8,9,9,9,9,8,9,8,6,8
1045,380,patch_occ_condyle,r,9,7,8,9,9,9,9,8,9,8,6,8
1046,381,patch_occ_condyle,r,9,7,8,9,9,9,9,8,9,8,6,8
1047,382,patch_occ_condyle,r,9,7,8,9,9,9,9,8,9,8,6,8
1048,383,patch_basiocc,r,10,7,8,10,10,10,10,8,10,8,6,8
1049,384,patch_basiocc,r,10,7,8,10,10,10,10,8,10,8,6,8
1050,385,patch_basiocc,r,10,7,8,10,10,10,10,8,10,8,6,8
1051,386,patch_basiocc,r,10,7,8,10,10,10,10,8,10,8,6,8
1052,387,patch_basiocc,r,10,7,8,10,10,10,10,8,10,8,6,8
1053,388,patch_basiocc,r,10,7,8,10,10,10,10,8,10,8,6,8
1054,389,patch_basiocc,r,10,7,8,10,10,10,10,8,10,8,6,8
1055,390,patch_basiocc,r,10,7,8,10,10,10,10,8,10,8,6,8
1056,391,patch_basiocc,r,10,7,8,10,10,10,10,8,10,8,6,8
1057,392,patch_basiocc,r,10,7,8,10,10,10,10,8,10,8,6,8
1058,393,patch_basiocc,r,10,7,8,10,10,10,10,8,10,8,6,8
1059,394,patch_basiocc,r,10,7,8,10,10,10,10,8,10,8,6,8
1060,395,patch_basiocc,r,10,7,8,10,10,10,10,8,10,8,6,8
1061,396,patch_basiocc,r,10,7,8,10,10,10,10,8,10,8,6,8
1062,397,patch_basiocc,r,10,7,8,10,10,10,10,8,10,8,6,8
1063,398,patch_basiocc,r,10,7,8,10,10,10,10,8,10,8,6,8
1064,399,patch_basiocc,r,10,7,8,10,10,10,10,8,10,8,6,8
1065,400,patch_basiocc,r,10,7,8,10,10,10,10,8,10,8,6,8
1066,401,patch_basiocc,r,10,7,8,10,10,10,10,8,10,8,6,8
1067,402,patch_basiocc,r,10,7,8,10,10,10,10,8,10,8,6,8
1068,403,patch_basiocc,r,10,7,8,10,10,10,10,8,10,8,6,8
1069,404,patch_basiocc,r,10,7,8,10,10,10,10,8,10,8,6,8
1070,405,patch_basiocc,r,10,7,8,10,10,10,10,8,10,8,6,8
1071,406,patch_basiocc,r,10,7,8,10,10,10,10,8,10,8,6,8
1072,407,patch_pterygoid,r,11,5,11,11,11,11,11,11,11,11,1,11
1073,408,patch_pterygoid,r,11,5,11,11,11,11,11,11,11,11,1,11
1074,409,patch_pterygoid,r,11,5,11,11,11,11,11,11,11,11,1,11
1075,410,patch_pterygoid,r,11,5,11,11,11,11,11,11,11,11,1,11
1076,411,patch_pterygoid,r,11,5,11,11,11,11,11,11,11,11,1,11
1077,412,patch_pterygoid,r,11,5,11,11,11,11,11,11,11,11,1,11
1078,413,patch_pterygoid,r,11,5,11,11,11,11,11,11,11,11,1,11
1079,414,patch_pterygoid,r,11,5,11,11,11,11,11,11,11,11,1,11
1080,415,patch_pterygoid,r,11,5,11,11,11,11,11,11,11,11,1,11
1081,416,patch_pterygoid,r,11,5,11,11,11,11,11,11,11,11,1,11
1082,417,patch_pterygoid,r,11,5,11,11,11,11,11,11,11,11,1,11
1083,418,patch_pterygoid,r,11,5,11,11,11,11,11,11,11,11,1,11
1084,419,patch_pterygoid,r,11,5,11,11,11,11,11,11,11,11,1,11
1085,420,patch_pterygoid,r,11,5,11,11,11,11,11,11,11,11,1,11
1086,421,patch_pterygoid,r,11,5,11,11,11,11,11,11,11,11,1,11
1087,422,patch_pterygoid,r,11,5,11,11,11,11,11,11,11,11,1,11
1088,423,patch_pterygoid,r,11,5,11,11,11,11,11,11,11,11,1,11
1089,424,patch_pterygoid,r,11,5,11,11,11,11,11,11,11,11,1,11
1090,425,patch_pterygoid,r,11,5,11,11,11,11,11,11,11,11,1,11
1091,426,patch_pterygoid,r,11,5,11,11,11,11,11,11,11,11,1,11
1092,427,patch_pterygoid,r,11,5,11,11,11,11,11,11,11,11,1,11
1093,428,patch_pterygoid,r,11,5,11,11,11,11,11,11,11,11,1,11
1094,429,patch_pterygoid,r,11,5,11,11,11,11,11,11,11,11,1,11
1095,430,patch_pterygoid,r,11,5,11,11,11,11,11,11,11,11,1,11
1096,431,patch_pterygoid,r,11,5,11,11,11,11,11,11,11,11,1,11
1097,432,patch_pterygoid,r,11,5,11,11,11,11,11,11,11,11,1,11
1098,433,patch_pterygoid,r,11,5,11,11,11,11,11,11,11,11,1,11
1099,434,patch_pterygoid,r,11,5,11,11,11,11,11,11,11,11,1,11
1100,435,patch_pterygoid,r,11,5,11,11,11,11,11,11,11,11,1,11
1101,436,patch_pterygoid,r,11,5,11,11,11,11,11,11,11,11,1,11
1102,437,patch_pterygoid,r,11,5,11,11,11,11,11,11,11,11,1,11
1103,438,patch_pterygoid,r,11,5,11,11,11,11,11,11,11,11,1,11
1104,439,patch_pterygoid,r,11,5,11,11,11,11,11,11,11,11,1,11
1105,440,patch_pterygoid,r,11,5,11,11,11,11,11,11,11,11,1,11
1106,441,patch_pterygoid,r,11,5,11,11,11,11,11,11,11,11,1,11
1107,442,patch_pterygoid,r,11,5,11,11,11,11,11,11,11,11,1,11
1108,443,patch_pterygoid,r,11,5,11,11,11,11,11,11,11,11,1,11
1109,444,patch_pterygoid,r,11,5,11,11,11,11,11,11,11,11,1,11
1110,445,patch_pterygoid,r,11,5,11,11,11,11,11,11,11,11,1,11
1111,446,patch_palatine,r,12,4,12,12,12,12,12,1,12,12,1,12
1112,447,patch_palatine,r,12,4,12,12,12,12,12,1,12,12,1,12
1113,448,patch_palatine,r,12,4,12,12,12,12,12,1,12,12,1,12
1114,449,patch_palatine,r,12,4,12,12,12,12,12,1,12,12,1,12
1115,450,patch_palatine,r,12,4,12,12,12,12,12,1,12,12,1,12
1116,451,patch_palatine,r,12,4,12,12,12,12,12,1,12,12,1,12
1117,452,patch_palatine,r,12,4,12,12,12,12,12,1,12,12,1,12
1118,453,patch_palatine,r,12,4,12,12,12,12,12,1,12,12,1,12
1119,454,patch_palatine,r,12,4,12,12,12,12,12,1,12,12,1,12
1120,455,patch_palatine,r,12,4,12,12,12,12,12,1,12,12,1,12
1121,456,patch_palatine,r,12,4,12,12,12,12,12,1,12,12,1,12
1122,457,patch_palatine,r,12,4,12,12,12,12,12,1,12,12,1,12
1123,458,patch_palatine,r,12,4,12,12,12,12,12,1,12,12,1,12
1124,459,patch_palatine,r,12,4,12,12,12,12,12,1,12,12,1,12
1125,460,patch_palatine,r,12,4,12,12,12,12,12,1,12,12,1,12
1126,461,patch_palatine,r,12,4,12,12,12,12,12,1,12,12,1,12
1127,462,patch_palatine,r,12,4,12,12,12,12,12,1,12,12,1,12
1128,463,patch_palatine,r,12,4,12,12,12,12,12,1,12,12,1,12
1129,464,patch_palatine,r,12,4,12,12,12,12,12,1,12,12,1,12
1130,465,patch_palatine,r,12,4,12,12,12,12,12,1,12,12,1,12
1131,466,patch_palatine,r,12,4,12,12,12,12,12,1,12,12,1,12
1132,467,patch_palatine,r,12,4,12,12,12,12,12,1,12,12,1,12
1133,468,patch_palatine,r,12,4,12,12,12,12,12,1,12,12,1,12
1134,469,patch_palatine,r,12,4,12,12,12,12,12,1,12,12,1,12
1135,470,patch_max_vent,r,2,4,2,2,2,2,2,1,2,2,1,2
1136,471,patch_max_vent,r,2,4,2,2,2,2,2,1,2,2,1,2
1137,472,patch_max_vent,r,2,4,2,2,2,2,2,1,2,2,1,2
1138,473,patch_max_vent,r,2,4,2,2,2,2,2,1,2,2,1,2
1139,474,patch_max_vent,r,2,4,2,2,2,2,2,1,2,2,1,2
1140,475,patch_max_vent,r,2,4,2,2,2,2,2,1,2,2,1,2
1141,476,patch_max_vent,r,2,4,2,2,2,2,2,1,2,2,1,2
1142,477,patch_max_vent,r,2,4,2,2,2,2,2,1,2,2,1,2
1143,478,patch_max_vent,r,2,4,2,2,2,2,2,1,2,2,1,2
1144,479,patch_max_vent,r,2,4,2,2,2,2,2,1,2,2,1,2
1145,480,patch_max_vent,r,2,4,2,2,2,2,2,1,2,2,1,2
1146,481,patch_max_vent,r,2,4,2,2,2,2,2,1,2,2,1,2
1147,482,patch_max_vent,r,2,4,2,2,2,2,2,1,2,2,1,2
1148,483,patch_max_vent,r,2,4,2,2,2,2,2,1,2,2,1,2
1149,484,patch_max_vent,r,2,4,2,2,2,2,2,1,2,2,1,2
1150,485,patch_max_vent,r,2,4,2,2,2,2,2,1,2,2,1,2
1151,486,patch_max_vent,r,2,4,2,2,2,2,2,1,2,2,1,2
1152,487,patch_max_vent,r,2,4,2,2,2,2,2,1,2,2,1,2
1153,488,patch_max_vent,r,2,4,2,2,2,2,2,1,2,2,1,2
1154,489,patch_max_vent,r,2,4,2,2,2,2,2,1,2,2,1,2
1155,490,patch_max_vent,r,2,4,2,2,2,2,2,1,2,2,1,2
1156,491,patch_max_vent,r,2,4,2,2,2,2,2,1,2,2,1,2
1157,492,patch_max_vent,r,2,4,2,2,2,2,2,1,2,2,1,2
1158,493,patch_max_vent,r,2,4,2,2,2,2,2,1,2,2,1,2
1159,494,patch_max_vent,r,2,4,2,2,2,2,2,1,2,2,1,2
1160,495,patch_max_vent,r,2,4,2,2,2,2,2,1,2,2,1,2
1161,496,patch_max_vent,r,2,4,2,2,2,2,2,1,2,2,1,2
1162,497,patch_max_vent,r,2,4,2,2,2,2,2,1,2,2,1,2
1163,498,patch_max_vent,r,2,4,2,2,2,2,2,1,2,2,1,2
1164,499,patch_max_vent,r,2,4,2,2,2,2,2,1,2,2,1,2
1165,500,patch_max_vent,r,2,4,2,2,2,2,2,1,2,2,1,2
1166,501,patch_max_vent,r,2,4,2,2,2,2,2,1,2,2,1,2
1167,502,patch_max_vent,r,2,4,2,2,2,2,2,1,2,2,1,2
1168,503,patch_max_vent,r,2,4,2,2,2,2,2,1,2,2,1,2
1169,504,patch_max_vent,r,2,4,2,2,2,2,2,1,2,2,1,2
1170,505,patch_max_vent,r,2,4,2,2,2,2,2,1,2,2,1,2
1171,506,patch_max_vent,r,2,4,2,2,2,2,2,1,2,2,1,2
1172,507,patch_max_vent,r,2,4,2,2,2,2,2,1,2,2,1,2
1173,508,patch_max_vent,r,2,4,2,2,2,2,2,1,2,2,1,2
1174,509,patch_max_vent,r,2,4,2,2,2,2,2,1,2,2,1,2
1175,510,patch_max_vent,r,2,4,2,2,2,2,2,1,2,2,1,2
1176,511,patch_max_vent,r,2,4,2,2,2,2,2,1,2,2,1,2
1177,512,patch_max_vent,r,2,4,2,2,2,2,2,1,2,2,1,2
1178,513,patch_max_vent,r,2,4,2,2,2,2,2,1,2,2,1,2
1179,514,patch_max_vent,r,2,4,2,2,2,2,2,1,2,2,1,2
1180,515,patch_max_vent,r,2,4,2,2,2,2,2,1,2,2,1,2
1181,516,patch_max_vent,r,2,4,2,2,2,2,2,1,2,2,1,2
1182,517,patch_max_vent,r,2,4,2,2,2,2,2,1,2,2,1,2
1183,518,patch_max_vent,r,2,4,2,2,2,2,2,1,2,2,1,2
1184,519,patch_max_vent,r,2,4,2,2,2,2,2,1,2,2,1,2
1185,520,patch_max_vent,r,2,4,2,2,2,2,2,1,2,2,1,2
1186,521,patch_max_vent,r,2,4,2,2,2,2,2,1,2,2,1,2
1187,522,patch_max_vent,r,2,4,2,2,2,2,2,1,2,2,1,2
1188,523,patch_max_vent,r,2,4,2,2,2,2,2,1,2,2,1,2
1189,524,patch_max_vent,r,2,4,2,2,2,2,2,1,2,2,1,2
1190,525,patch_max_vent,r,2,4,2,2,2,2,2,1,2,2,1,2
1191,526,patch_max_vent,r,2,4,2,2,2,2,2,1,2,2,1,2
1192,527,patch_max_vent,r,2,4,2,2,2,2,2,1,2,2,1,2
1193,528,patch_max_vent,r,2,4,2,2,2,2,2,1,2,2,1,2
1194,529,patch_max_vent,r,2,4,2,2,2,2,2,1,2,2,1,2
1195,530,patch_premax_vent,r,1,4,1,1,1,1,1,1,1,1,1,1
1196,531,patch_premax_vent,r,1,4,1,1,1,1,1,1,1,1,1,1
1197,532,patch_premax_vent,r,1,4,1,1,1,1,1,1,1,1,1,1
1198,533,patch_premax_vent,r,1,4,1,1,1,1,1,1,1,1,1,1
1199,534,patch_premax_vent,r,1,4,1,1,1,1,1,1,1,1,1,1
1200,535,patch_premax_vent,r,1,4,1,1,1,1,1,1,1,1,1,1
1201,536,patch_premax_vent,r,1,4,1,1,1,1,1,1,1,1,1,1
1202,537,patch_premax_vent,r,1,4,1,1,1,1,1,1,1,1,1,1
1203,538,patch_premax_vent,r,1,4,1,1,1,1,1,1,1,1,1,1
1204,539,patch_premax_vent,r,1,4,1,1,1,1,1,1,1,1,1,1
1205,540,patch_premax_vent,r,1,4,1,1,1,1,1,1,1,1,1,1
1206,541,patch_premax_vent,r,1,4,1,1,1,1,1,1,1,1,1,1
1207,542,patch_premax_vent,r,1,4,1,1,1,1,1,1,1,1,1,1
1208,543,patch_premax_vent,r,1,4,1,1,1,1,1,1,1,1,1,1
1209,544,patch_premax_vent,r,1,4,1,1,1,1,1,1,1,1,1,1
1210,545,patch_premax_vent,r,1,4,1,1,1,1,1,1,1,1,1,1
1211,546,patch_premax_vent,r,1,4,1,1,1,1,1,1,1,1,1,1
1212,547,patch_jugal,r,14,1,14,14,13,14,14,14,11,14,1,14
1213,548,patch_jugal,r,14,1,14,14,13,14,14,14,11,14,1,14
1214,549,patch_jugal,r,14,1,14,14,13,14,14,14,11,14,1,14
1215,550,patch_jugal,r,14,1,14,14,13,14,14,14,11,14,1,14
1216,551,patch_jugal,r,14,1,14,14,13,14,14,14,11,14,1,14
1217,552,patch_jugal,r,14,1,14,14,13,14,14,14,11,14,1,14
1218,553,patch_jugal,r,14,1,14,14,13,14,14,14,11,14,1,14
1219,554,patch_jugal,r,14,1,14,14,13,14,14,14,11,14,1,14
1220,555,patch_jugal,r,14,1,14,14,13,14,14,14,11,14,1,14
1221,556,patch_jugal,r,14,1,14,14,13,14,14,14,11,14,1,14
1222,557,patch_jugal,r,14,1,14,14,13,14,14,14,11,14,1,14
1223,558,patch_jugal,r,14,1,14,14,13,14,14,14,11,14,1,14
1224,559,patch_jugal,r,14,1,14,14,13,14,14,14,11,14,1,14
1225,560,patch_jugal,r,14,1,14,14,13,14,14,14,11,14,1,14
1226,561,patch_jugal,r,14,1,14,14,13,14,14,14,11,14,1,14
1227,562,patch_jugal,r,14,1,14,14,13,14,14,14,11,14,1,14
1228,563,patch_jugal,r,14,1,14,14,13,14,14,14,11,14,1,14
1229,564,patch_jugal,r,14,1,14,14,13,14,14,14,11,14,1,14
1230,565,patch_jugal,r,14,1,14,14,13,14,14,14,11,14,1,14
1231,566,patch_jugal,r,14,1,14,14,13,14,14,14,11,14,1,14
1232,567,patch_jugal,r,14,1,14,14,13,14,14,14,11,14,1,14
1233,568,patch_jugal,r,14,1,14,14,13,14,14,14,11,14,1,14
1234,569,patch_jugal,r,14,1,14,14,13,14,14,14,11,14,1,14
1235,570,patch_jugal,r,14,1,14,14,13,14,14,14,11,14,1,14
1236,571,patch_jugal,r,14,1,14,14,13,14,14,14,11,14,1,14
1237,572,patch_jugal,r,14,1,14,14,13,14,14,14,11,14,1,14
1238,573,patch_jugal,r,14,1,14,14,13,14,14,14,11,14,1,14
1239,574,patch_jugal,r,14,1,14,14,13,14,14,14,11,14,1,14
1240,575,patch_jugal,r,14,1,14,14,13,14,14,14,11,14,1,14
1241,576,patch_jugal,r,14,1,14,14,13,14,14,14,11,14,1,14
1242,577,patch_jugal,r,14,1,14,14,13,14,14,14,11,14,1,14
1243,578,patch_jugal,r,14,1,14,14,13,14,14,14,11,14,1,14
1244,579,patch_jugal,r,14,1,14,14,13,14,14,14,11,14,1,14
1245,580,patch_jugal,r,14,1,14,14,13,14,14,14,11,14,1,14
1246,581,patch_jugal,r,14,1,14,14,13,14,14,14,11,14,1,14
1247,582,patch_jugal,r,14,1,14,14,13,14,14,14,11,14,1,14
1248,583,patch_jugal,r,14,1,14,14,13,14,14,14,11,14,1,14
1249,584,patch_jugal,r,14,1,14,14,13,14,14,14,11,14,1,14
1250,585,patch_jugal,r,14,1,14,14,13,14,14,14,11,14,1,14
1251,586,patch_jugal,r,14,1,14,14,13,14,14,14,11,14,1,14
1252,587,patch_jugal,r,14,1,14,14,13,14,14,14,11,14,1,14
1253,588,patch_squamosal,r,15,2,15,6,15,15,15,6,15,15,6,15
1254,589,patch_squamosal,r,15,2,15,6,15,15,15,6,15,15,6,15
1255,590,patch_squamosal,r,15,2,15,6,15,15,15,6,15,15,6,15
1256,591,patch_squamosal,r,15,2,15,6,15,15,15,6,15,15,6,15
1257,592,patch_squamosal,r,15,2,15,6,15,15,15,6,15,15,6,15
1258,593,patch_squamosal,r,15,2,15,6,15,15,15,6,15,15,6,15
1259,594,patch_squamosal,r,15,2,15,6,15,15,15,6,15,15,6,15
1260,595,patch_squamosal,r,15,2,15,6,15,15,15,6,15,15,6,15
1261,596,patch_squamosal,r,15,2,15,6,15,15,15,6,15,15,6,15
1262,597,patch_squamosal,r,15,2,15,6,15,15,15,6,15,15,6,15
1263,598,patch_squamosal,r,15,2,15,6,15,15,15,6,15,15,6,15
1264,599,patch_squamosal,r,15,2,15,6,15,15,15,6,15,15,6,15
1265,600,patch_squamosal,r,15,2,15,6,15,15,15,6,15,15,6,15
1266,601,patch_squamosal,r,15,2,15,6,15,15,15,6,15,15,6,15
1267,602,patch_squamosal,r,15,2,15,6,15,15,15,6,15,15,6,15
1268,603,patch_squamosal,r,15,2,15,6,15,15,15,6,15,15,6,15
1269,604,patch_squamosal,r,15,2,15,6,15,15,15,6,15,15,6,15
1270,605,patch_lac,r,16,2,16,16,16,16,4,4,16,16,1,16
1271,606,patch_lac,r,16,2,16,16,16,16,4,4,16,16,1,16
1272,607,patch_lac,r,16,2,16,16,16,16,4,4,16,16,1,16
1273,608,patch_lac,r,16,2,16,16,16,16,4,4,16,16,1,16
1274,609,patch_lac,r,16,2,16,16,16,16,4,4,16,16,1,16
1275,610,patch_lac,r,16,2,16,16,16,16,4,4,16,16,1,16
1276,611,patch_lac,r,16,2,16,16,16,16,4,4,16,16,1,16
1277,612,patch_lac,r,16,2,16,16,16,16,4,4,16,16,1,16
1278,613,patch_lac,r,16,2,16,16,16,16,4,4,16,16,1,16
1279,614,patch_lac,r,16,2,16,16,16,16,4,4,16,16,1,16
1280,615,patch_lac,r,16,2,16,16,16,16,4,4,16,16,1,16
1281,616,patch_lac,r,16,2,16,16,16,16,4,4,16,16,1,16
1282,617,patch_lac,r,16,2,16,16,16,16,4,4,16,16,1,16
1283,618,patch_lac,r,16,2,16,16,16,16,4,4,16,16,1,16
1284,619,patch_lac,r,16,2,16,16,16,16,4,4,16,16,1,16
1285,620,patch_lac,r,16,2,16,16,16,16,4,4,16,16,1,16
1286,621,patch_lac,r,16,2,16,16,16,16,4,4,16,16,1,16
1287,622,patch_lac,r,16,2,16,16,16,16,4,4,16,16,1,16
1288,623,patch_lac,r,16,2,16,16,16,16,4,4,16,16,1,16
1289,624,patch_lac,r,16,2,16,16,16,16,4,4,16,16,1,16
1290,625,patch_lac,r,16,2,16,16,16,16,4,4,16,16,1,16
1291,626,patch_lac,r,16,2,16,16,16,16,4,4,16,16,1,16
1292,627,patch_ectoptery,r,17,5,17,17,17,11,17,16,17,11,1,11
1293,628,patch_ectoptery,r,17,5,17,17,17,11,17,16,17,11,1,11
1294,629,patch_ectoptery,r,17,5,17,17,17,11,17,16,17,11,1,11
1295,630,patch_ectoptery,r,17,5,17,17,17,11,17,16,17,11,1,11
1296,631,patch_ectoptery,r,17,5,17,17,17,11,17,16,17,11,1,11
1297,632,patch_ectoptery,r,17,5,17,17,17,11,17,16,17,11,1,11
1298,633,patch_ectoptery,r,17,5,17,17,17,11,17,16,17,11,1,11
1299,634,patch_ectoptery,r,17,5,17,17,17,11,17,16,17,11,1,11
1300,635,patch_ectoptery,r,17,5,17,17,17,11,17,16,17,11,1,11
1301,636,patch_ectoptery,r,17,5,17,17,17,11,17,16,17,11,1,11
1302,637,patch_ectoptery,r,17,5,17,17,17,11,17,16,17,11,1,11
1303,638,patch_ectoptery,r,17,5,17,17,17,11,17,16,17,11,1,11
1304,639,patch_ectoptery,r,17,5,17,17,17,11,17,16,17,11,1,11
1305,640,patch_ectoptery,r,17,5,17,17,17,11,17,16,17,11,1,11
1306,641,patch_ectoptery,r,17,5,17,17,17,11,17,16,17,11,1,11
1307,642,patch_ectoptery,r,17,5,17,17,17,11,17,16,17,11,1,11
1308,643,patch_ectoptery,r,17,5,17,17,17,11,17,16,17,11,1,11
1309,644,patch_ectoptery,r,17,5,17,17,17,11,17,16,17,11,1,11
1310,645,patch_ectoptery,r,17,5,17,17,17,11,17,16,17,11,1,11
1311,646,patch_ectoptery,r,17,5,17,17,17,11,17,16,17,11,1,11
1312,647,patch_ectoptery,r,17,5,17,17,17,11,17,16,17,11,1,11
1313,648,patch_ectoptery,r,17,5,17,17,17,11,17,16,17,11,1,11
1314,649,patch_ectoptery,r,17,5,17,17,17,11,17,16,17,11,1,11
1315,650,patch_ectoptery,r,17,5,17,17,17,11,17,16,17,11,1,11
1316,651,patch_ectoptery,r,17,5,17,17,17,11,17,16,17,11,1,11
1317,652,patch_ectoptery,r,17,5,17,17,17,11,17,16,17,11,1,11
1318,653,patch_ectoptery,r,17,5,17,17,17,11,17,16,17,11,1,11
1319,654,patch_ectoptery,r,17,5,17,17,17,11,17,16,17,11,1,11
1320,655,patch_ectoptery,r,17,5,17,17,17,11,17,16,17,11,1,11
1321,656,patch_ectoptery,r,17,5,17,17,17,11,17,16,17,11,1,11
1322,657,patch_ptery_joint,r,18,5,18,18,18,11,18,11,18,11,1,11
1323,658,patch_ptery_joint,r,18,5,18,18,18,11,18,11,18,11,1,11
1324,659,patch_ptery_joint,r,18,5,18,18,18,11,18,11,18,11,1,11
1325,660,patch_ptery_joint,r,18,5,18,18,18,11,18,11,18,11,1,11
1326,661,patch_ptery_joint,r,18,5,18,18,18,11,18,11,18,11,1,11
1327,662,patch_ptery_joint,r,18,5,18,18,18,11,18,11,18,11,1,11
1328,663,patch_ptery_joint,r,18,5,18,18,18,11,18,11,18,11,1,11
1329,664,patch_ptery_joint,r,18,5,18,18,18,11,18,11,18,11,1,11
1330,665,patch_ptery_joint,r,18,5,18,18,18,11,18,11,18,11,1,11
1331,666,patch_ptery_joint,r,18,5,18,18,18,11,18,11,18,11,1,11
1332,667,patch_ptery_joint,r,18,5,18,18,18,11,18,11,18,11,1,11
1333,668,patch_ptery_joint,r,18,5,18,18,18,11,18,11,18,11,1,11
1334,669,patch_ptery_joint,r,18,5,18,18,18,11,18,11,18,11,1,11
1335,670,patch_ptery_joint,r,18,5,18,18,18,11,18,11,18,11,1,11
1336,671,patch_ptery_joint,r,18,5,18,18,18,11,18,11,18,11,1,11
1337,672,patch_ptery_joint,r,18,5,18,18,18,11,18,11,18,11,1,11
1338,673,patch_ptery_joint,r,18,5,18,18,18,11,18,11,18,11,1,11
1339,674,patch_jawjoint,r,13,8,13,13,13,13,13,11,12,13,1,13
1340,675,patch_jawjoint,r,13,8,13,13,13,13,13,11,12,13,1,13
1341,676,patch_jawjoint,r,13,8,13,13,13,13,13,11,12,13,1,13
1342,677,patch_jawjoint,r,13,8,13,13,13,13,13,11,12,13,1,13
1343,678,patch_jawjoint,r,13,8,13,13,13,13,13,11,12,13,1,13
1344,679,patch_jawjoint,r,13,8,13,13,13,13,13,11,12,13,1,13
1345,680,patch_jawjoint,r,13,8,13,13,13,13,13,11,12,13,1,13
1346,681,patch_jawjoint,r,13,8,13,13,13,13,13,11,12,13,1,13
1347,682,patch_postorb,r,20,2,20,20,20,20,20,10,20,20,6,20
1348,683,patch_postorb,r,20,2,20,20,20,20,20,10,20,20,6,20
1349,684,patch_postorb,r,20,2,20,20,20,20,20,10,20,20,6,20
1350,685,patch_postorb,r,20,2,20,20,20,20,20,10,20,20,6,20
1351,686,patch_postorb,r,20,2,20,20,20,20,20,10,20,20,6,20
1352,687,patch_postorb,r,20,2,20,20,20,20,20,10,20,20,6,20
1353,688,patch_postorb,r,20,2,20,20,20,20,20,10,20,20,6,20
1354,689,patch_postorb,r,20,2,20,20,20,20,20,10,20,20,6,20
1355,690,patch_postorb,r,20,2,20,20,20,20,20,10,20,20,6,20
1356,691,patch_postorb,r,20,2,20,20,20,20,20,10,20,20,6,20
1357,692,patch_postorb,r,20,2,20,20,20,20,20,10,20,20,6,20
1358,693,patch_postorb,r,20,2,20,20,20,20,20,10,20,20,6,20
1359,694,patch_postorb,r,20,2,20,20,20,20,20,10,20,20,6,20
1360,695,patch_postorb,r,20,2,20,20,20,20,20,10,20,20,6,20
1361,696,patch_postorb,r,20,2,20,20,20,20,20,10,20,20,6,20
1362,697,patch_postorb,r,20,2,20,20,20,20,20,10,20,20,6,20
1363,698,patch_postorb,r,20,2,20,20,20,20,20,10,20,20,6,20
1364,699,patch_postorb,r,20,2,20,20,20,20,20,10,20,20,6,20